spectral_centroid_max,spectral_centroid_min,spectral_centroid_mean,spectral_centroid_std,spectral_centroid_kurtosis,spectral_centroid_skew,spectral_rolloff_max,spectral_rolloff_min,spectral_rolloff_mean,spectral_rolloff_std,spectral_rolloff_kurtosis,spectral_rolloff_skew,zero_crossing_rate_max,zero_crossing_rate_min,zero_crossing_rate_mean,zero_crossing_rate_std,zero_crossing_rate_kurtosis,zero_crossing_rate_skew,rms_max,rms_min,rms_mean,rms_std,rms_kurtosis,rms_skew,onset_strength_max,onset_strength_min,onset_strength_mean,onset_strength_std,onset_strength_kurtosis,onset_strength_skew,spectral_contrast_max,spectral_contrast_min,spectral_contrast_mean,spectral_contrast_std,spectral_contrast_kurtosis,spectral_contrast_skew,spectral_bandwidth_max,spectral_bandwidth_min,spectral_bandwidth_mean,spectral_bandwidth_std,spectral_bandwidth_kurtosis,spectral_bandwidth_skew,spectral_flatness_max,spectral_flatness_min,spectral_flatness_mean,spectral_flatness_std,spectral_flatness_kurtosis,spectral_flatness_skew,mfcc_0_max,mfcc_0_min,mfcc_0_mean,mfcc_0_std,mfcc_0_kurtosis,mfcc_0_skew,mfcc_1_max,mfcc_1_min,mfcc_1_mean,mfcc_1_std,mfcc_1_kurtosis,mfcc_1_skew,mfcc_2_max,mfcc_2_min,mfcc_2_mean,mfcc_2_std,mfcc_2_kurtosis,mfcc_2_skew,mfcc_3_max,mfcc_3_min,mfcc_3_mean,mfcc_3_std,mfcc_3_kurtosis,mfcc_3_skew,mfcc_4_max,mfcc_4_min,mfcc_4_mean,mfcc_4_std,mfcc_4_kurtosis,mfcc_4_skew,mfcc_5_max,mfcc_5_min,mfcc_5_mean,mfcc_5_std,mfcc_5_kurtosis,mfcc_5_skew,mfcc_6_max,mfcc_6_min,mfcc_6_mean,mfcc_6_std,mfcc_6_kurtosis,mfcc_6_skew,mfcc_7_max,mfcc_7_min,mfcc_7_mean,mfcc_7_std,mfcc_7_kurtosis,mfcc_7_skew,mfcc_8_max,mfcc_8_min,mfcc_8_mean,mfcc_8_std,mfcc_8_kurtosis,mfcc_8_skew,mfcc_9_max,mfcc_9_min,mfcc_9_mean,mfcc_9_std,mfcc_9_kurtosis,mfcc_9_skew,mfcc_10_max,mfcc_10_min,mfcc_10_mean,mfcc_10_std,mfcc_10_kurtosis,mfcc_10_skew,mfcc_11_max,mfcc_11_min,mfcc_11_mean,mfcc_11_std,mfcc_11_kurtosis,mfcc_11_skew,mfcc_12_max,mfcc_12_min,mfcc_12_mean,mfcc_12_std,mfcc_12_kurtosis,mfcc_12_skew,tempo,label
4781.459332812586,775.6999939930386,2391.3062747974473,661.8857602126791,0.3732652953826072,0.0011144251857904397,9000.87890625,1981.0546875,5319.617832998742,1403.6630466074105,-0.14847252795759314,-0.2594295489082003,0.2626953125,0.0,0.09456934500773993,0.041741484703094,0.164797505096121,0.43345690867964515,0.6000202,9.639408e-13,0.26650363,0.08441845,1.54265127395096,1.1720095205407794,20.00988,0.0,1.3021344,1.4184334,30.67418147546954,3.9759462999584505,63.63677525104958,4.480893200948067,22.431536243347814,11.26124386132887,1.4260708607947983,1.6270482569239857,3748.137204077841,1221.2269698561754,2575.7775736952735,424.30355282046776,0.8430928097923478,-0.6631758822142112,0.9999987,0.0001619714,0.024322966,0.03421635,509.4657526505449,18.255255314751643,-13.567919,-554.9979,-90.02987,47.060688,14.294673383740587,-2.2301192260122487,170.20831,0.0,78.41259,26.12455,1.2170541872363856,1.0279861384326636,58.938515,-53.895832,1.3772526,15.888226,0.8112659690277795,-0.012591396667956882,78.31831,-1.4717057,41.59933,12.564771,0.18813825095858938,-0.06649965756395763,48.84779,-5.924185,16.95466,8.375048,-0.018509258678197416,0.1663697002157319,43.08723,-11.15453,16.68698,8.578318,-0.0603109662880108,0.19079568689134022,28.083336,-23.83326,2.624254,7.7924194,0.1266448692860087,-0.05119312863197055,36.95325,-11.216112,11.064158,7.712505,0.2574044461528304,0.26221330297353646,30.693642,-29.841518,2.9619534,7.3580537,0.3634652785369372,0.05345772348637909,41.455215,-14.881788,8.239096,7.1861916,0.8503699667322144,0.3669098386644549,22.500183,-19.457409,-0.6464308,6.5210347,-0.05346591333540962,0.22189628345917392,32.424747,-15.624376,6.6844516,6.9855003,0.10722336366596785,0.1310866085399252,24.058025,-22.64719,0.8165047,7.0131392,0.13714436004040254,-0.1752314853412642,112.34714673913044,rock
5526.572302433053,1234.2073937448617,2623.6906272781207,622.8951097588757,4.124627772646188,1.1861800377271998,9582.275390625,2562.451171875,5661.232433968653,1271.813459592882,0.9986545709599466,0.011404623976091946,0.4814453125,0.0185546875,0.12024114744582043,0.05209654699987381,10.593890211483224,2.3170128040038733,0.6092611,5.689328e-09,0.3096118,0.07372587,0.9874686381784739,0.18052572115716461,20.524397,0.0,1.1108041,0.91180503,162.92512799209806,8.906787458843997,61.06312018105927,5.128636523855949,20.57594644275801,11.600748753045476,1.5035792962591703,1.6956555453721065,3948.988597471981,1157.3068998020497,2594.29439075589,473.156602088143,2.427819938505447,-1.3322431651492423,0.9999987,0.0003324804,0.040747486,0.041900285,213.30783729703268,10.21679062263409,29.042189,-544.1461,-44.233402,41.484863,19.328075833769013,-2.9843697167256082,180.35898,0.0,80.63862,27.859213,3.0651543415986557,1.507695630899428,48.270447,-99.40487,-8.546733,26.352331,3.683302363733648,-1.9282499742783001,62.581547,-0.7648101,29.97519,9.479405,0.2985764502828401,0.23763302120234692,33.021027,-44.874195,2.5881884,11.224912,2.1184882116521653,-1.0616851604308177,40.10324,-34.352783,10.919202,12.959115,2.641560713312119,-1.5565671663953153,26.297249,-26.543118,2.4035244,8.214059,0.3232177183874243,-0.45628213971077786,26.405651,-43.736645,5.802705,11.73765,3.7309301991654014,-1.8520199734008809,22.092474,-32.70008,2.3391216,7.6090417,0.9092887009743147,-0.5460477530274654,33.165245,-16.84491,7.806403,7.2119966,0.22159246620842987,-0.24007291934255362,27.165718,-21.812424,0.38972396,6.8486314,0.16948804987508526,-0.1259817757405941,28.713566,-14.553173,6.7735515,6.5431433,0.024362954328504216,0.15794063982476578,16.848448,-18.34451,-2.2136357,5.607449,-0.08951364838856968,-0.13318649764489252,103.359375,rock
4724.494431469875,979.7482834441537,2386.373498867836,502.37912294740414,1.3996755884983516,0.2756822337517533,9388.4765625,1808.7890625,5079.819283027767,1048.3172076909402,1.379399693650142,0.41677357690952904,0.32421875,0.0146484375,0.09763735366679567,0.0396893125284986,2.8051533142299405,0.9982739138045604,0.5263148,1.9181448e-08,0.3321519,0.051176175,1.686675806623751,-0.4326018768402078,22.78458,0.0,1.1534498,1.0016931,171.55887261475866,9.342402443426618,62.96500849668686,4.941868327910353,21.73953742269292,11.830091745637215,1.6722972753443957,1.7119683872538656,3708.9339573062857,1572.9872249526713,2524.787504475132,300.47654670892257,1.4469462879127084,0.029211270966072053,0.9999987,0.0007953961,0.023143288,0.03338823,565.4785166191286,19.81628106432236,23.046225,-561.7207,-52.77851,34.537197,36.5353389569842,-3.0761279865566893,157.91812,0.0,84.35283,20.212421,0.45296008520576203,0.407703683442413,36.485847,-50.54477,-6.293177,13.523689,0.15089998470127775,0.09376321552705519,68.548416,-1.0672925,35.139347,9.950725,0.2765308311516663,0.13018917457099172,30.849672,-21.535812,3.1144037,8.933162,-0.37370593224231285,0.16711461196758515,47.52697,-17.283838,15.218269,9.779043,-0.13834669099858132,-0.35143871071360133,34.497597,-19.44345,6.424345,8.178058,-0.07273023996409078,-0.11310546401957908,32.55342,-20.979698,5.6874604,7.5235643,0.2469319889696444,-0.2856731910388351,34.909218,-20.421354,7.6789227,8.289454,-0.21580526042350456,0.05137554809107931,35.259983,-20.276684,9.599723,8.100028,0.179553608549484,-0.23684575675184902,24.716026,-18.679356,2.1641476,7.3644223,0.04275006883840815,0.16732826869233083,30.312346,-14.203088,5.8931055,7.305949,-0.11916948460435783,0.19967673078044623,24.725878,-15.861925,3.8041024,7.195662,-0.25730593829725423,0.07557761213235063,161.4990234375,rock
5953.110349070249,872.5628850701196,2389.38506416662,675.8840474548908,1.8488470272018205,0.7569906890823697,9173.14453125,1658.056640625,5541.777162485499,1225.5746331367475,0.20984075238604127,-0.299304384185474,0.4951171875,0.0,0.09973172853828306,0.04953529579263145,8.237892361159403,1.80923495038823,0.49675393,8.2278737e-13,0.21629122,0.07095899,2.017389956210244,1.3964278443497,13.334256,0.0,1.4933928,1.8974953,8.56310316926576,2.779660891000539,63.78977338689562,2.974859830554152,24.012188586769707,11.531926710440308,1.2455541995515276,1.5375356419755664,3673.827503410746,1495.6665217109373,2638.371675444264,314.5637839546705,1.0063041290678054,-0.22477871138977415,0.9999987,0.0002601751,0.021742921,0.036043596,418.1068356368308,16.037046111028747,18.422585,-578.5485,-122.851654,48.34613,12.489503382309838,-1.1960927710166904,158.08388,-1.1706458,80.792175,24.461285,-0.04135137417628387,0.15814865433093636,88.475105,-28.653145,26.560452,16.670368,0.7025853870135856,0.3636933330472271,93.33585,0.0,44.122856,14.987758,0.10558683110805811,0.25699109049903474,45.3313,-42.861397,-1.5053729,12.445855,0.457447223857137,-0.18925834504174893,43.17994,-24.795376,11.591719,10.140287,0.14185386592391191,0.020721257164223298,26.829086,-31.77142,-1.5688823,10.029219,-0.3388944407634811,-0.08709319286872602,45.048447,-16.606728,11.7796,9.25892,-0.08228022543603197,0.044140755513481726,19.299767,-43.63183,-8.078435,9.001994,0.21135379119097264,-0.2530135586635717,38.628925,-14.640062,8.120049,8.005556,-0.02722424217448527,0.19886273163353926,28.996363,-24.062319,-1.2903229,8.285565,0.10710114406526872,0.24721880343660316,23.388096,-27.158966,-0.96175265,7.7520313,0.007203776647815907,-0.16772491483848406,24.326107,-33.198895,-2.1094522,9.343579,-0.15632671607360038,-0.05627702522235408,89.10290948275862,rock
6302.087820028682,449.9030633223001,2107.533998671353,724.6870148422992,4.802279769711421,1.494014350068218,9603.80859375,409.130859375,4378.640189628483,1423.1001404553642,2.2062841253801313,0.852399981428267,0.453125,0.0087890625,0.09644915223490712,0.05530894505328546,8.643680912349593,2.258610451823789,0.5617111,0.016949495,0.25278157,0.106446065,-0.724179783590317,0.21949236046760848,12.15716,0.0,1.4104688,1.3786124,17.833946747812234,3.647148747025534,66.22161262346542,3.6877271418341913,22.2085435931749,11.704421402228151,1.4591921194750794,1.5918722241859538,4205.9653611630265,921.0521255161852,2302.5168602546646,435.9166265515929,2.286294768582846,0.48860119183394257,0.20430101,3.9010793e-05,0.015304468,0.019866638,25.1539542835415,4.228004977155496,13.120294,-559.03815,-106.948845,71.76962,2.430693957669132,-1.2153951274899422,203.08496,-19.42094,98.91775,30.692497,1.1791458927763472,-0.356095563262416,96.324295,-72.390976,-7.2969565,22.814592,1.5011089566405094,0.37243548244569585,95.137115,-26.326984,29.539167,16.309479,1.0809602212631697,0.28447108697376283,62.21053,-62.808754,5.763474,13.727677,1.9691937687178704,-0.02147357599590956,51.784256,-32.41532,8.439301,12.349689,0.7658223198206695,-0.17034373807351297,45.26629,-28.014088,3.9757822,9.842736,1.2002103384326182,0.6004124962805338,32.97939,-47.61187,0.40412587,10.049588,1.0886559389505912,-0.4233949403330593,28.379404,-57.621304,-7.1444464,9.52142,1.2592562299978542,-0.3913904073358631,47.432266,-21.516384,6.206323,9.629914,1.0903772713933408,0.5591483867512163,36.50657,-39.530167,-8.19522,10.414677,0.4558599163453634,-0.22310803506308097,34.68775,-25.44801,4.890814,8.76669,0.2173275019150509,-0.14788159386626112,26.338715,-40.985622,-3.5482888,10.618333,0.1897816513348478,-0.44725155206181305,112.34714673913044,rock
4540.212383784817,748.9887687274645,2316.3285754232165,771.0883699936885,-0.8877533460354785,-0.11195426970555274,9043.9453125,1184.326171875,5053.836106811145,1980.1870643360155,-1.3042923858485418,-0.37600022647179615,0.28515625,0.0166015625,0.1075609520123839,0.04337818788446586,0.42617309809817927,0.6056595578563482,0.5004163,9.2263335e-09,0.27601624,0.106880866,-0.7277140617843694,-0.5430795575196977,24.843197,0.0,1.2128166,1.4843678,70.49687697619596,6.5157634631177626,61.74700584605635,4.725238166291726,22.055869452514223,11.42223696444703,1.350480374509904,1.6066118352629053,3627.2335815827905,715.9642377693655,2385.452723598256,663.0538726853065,-0.6789959197786408,-0.7122444467013741,0.9999987,3.495018e-05,0.032975182,0.04209705,214.13808858469045,9.92304048635569,36.139748,-573.2567,-80.38237,85.77666,0.1415899841827195,-0.983723412550679,224.4189,0.0,101.03849,39.99034,-0.20992830326131484,0.8658126603522228,37.093624,-86.981895,-15.392849,23.296146,0.47547585193026265,-1.0337070584468948,51.977165,-38.099617,12.005873,12.907842,0.3038969637175346,0.2959494042308834,34.23907,-53.18669,2.9886234,14.5736265,0.844222284465979,-0.8261138039614297,35.829918,-42.213478,5.9564614,12.300081,0.44890768218320787,-0.7581689384489007,26.034801,-49.466324,-7.9482284,12.797596,-0.20875091190982786,-0.26958768468135164,30.423851,-29.435146,7.4812584,9.67873,0.6975408315993428,-0.6798120241635444,38.630123,-27.749546,-1.1144061,8.414337,0.5830618336310058,0.05009833361068977,39.476135,-33.0888,8.501164,9.88027,1.267389983766007,-0.7142426124617232,22.730663,-34.441902,-2.2449596,10.578011,-0.3652281486704698,-0.3863996927062682,34.12783,-27.760643,6.5953918,8.428465,0.7497312352191163,-0.2514911332446288,34.60975,-24.657433,2.8128593,8.31518,0.2500532913106661,0.09608289225343582,143.5546875,rock
4737.88202324288,1431.8434478686981,2767.4010363202483,416.2433170221727,1.8075233494146374,0.8546183529380645,8979.345703125,3380.712890625,5660.599104464976,867.236714358401,1.0706410120523397,0.6645464849917005,0.328125,0.0,0.14281470709171826,0.037491433201433756,0.8911682756819026,0.4751939679673379,0.5363542,4.601973e-12,0.30465284,0.07003205,0.9298873858369694,0.7391909009003592,23.72977,0.0,1.0838586,0.97616535,243.0088835261035,11.92653414647154,59.85282806703604,3.5208210250281944,21.177511764901922,10.960823227191442,1.4736282712789306,1.6836417837874817,3611.739066614453,1849.1850031602019,2595.2010375029954,225.84912860612556,1.662465308525177,0.483895140835562,0.9999987,0.005686406,0.049004994,0.039018802,272.2065352800645,11.812835806188483,28.937422,-563.8539,-32.465084,29.332857,164.80198995873306,-9.28629453529921,121.12335,0.0,68.8435,14.843398,0.6186932065935751,-0.20960012490855215,41.011066,-43.268234,-8.73213,11.10687,0.865627908955032,0.31304020342698186,66.48222,0.0,38.02975,10.618975,-0.34062626156756526,-0.06861023075440983,50.061592,-21.252535,4.7406273,10.251053,0.3988461346528287,0.46588778619538196,31.395039,-20.86605,5.627675,7.1890297,0.012072481795559309,-0.12659182610952416,26.709797,-22.735258,-1.5649751,7.8472137,-0.20897745043478588,0.0006965675908809653,30.434618,-17.025396,6.776035,6.8950534,0.27877578199485553,-0.06073816506251875,22.902817,-23.842686,-0.020011785,6.73266,0.1853321691102412,0.035917620415927866,30.985495,-20.571972,5.1496263,7.2090034,-0.09546934890059555,0.1947751314350394,26.587648,-22.473299,1.8156545,7.0981965,0.05566147585867531,0.1571261905998413,25.57915,-17.320251,5.1971364,6.608956,-0.09850811188990916,-0.00019797335926086858,17.217598,-27.615269,-4.642651,7.139429,-0.08472635206565737,-0.11107225770821581,135.99917763157896,rock
7096.220446415738,0.0,2511.8963487580895,1087.3958127380945,0.32546043404803715,0.5008945094877945,9237.744140625,0.0,5213.601807396479,2085.3487271098847,-0.9586484681165479,-0.2642887839968516,0.9345703125,0.0,0.12315874129256967,0.11164413057061333,17.883603017866452,3.4346698218354863,0.55512255,0.0,0.1245757,0.0999255,3.474875033616107,1.6804751314827102,22.76393,0.0,1.2442869,2.050846,37.13435853078463,5.539392435458286,64.7025607553005,0.8421966336896993,22.866050530778615,12.1390246966329,1.279200690130767,1.5150263337878935,3648.72157991766,0.0,2442.3486750324028,634.560086636433,-0.1339568271243099,-0.6762196977606377,0.9999987,3.7999991e-06,0.03950214,0.08762925,65.09345917357835,7.130353766316423,-7.586833,-551.00836,-212.57967,121.43962,0.2292293860590231,-0.7757734781449046,164.59798,-118.877625,67.79942,39.537987,1.016865914894705,-0.656210267808563,67.683716,-113.780685,-0.63946706,31.410069,2.82577959809102,-1.2781270693992968,75.805176,-30.755878,34.5672,19.991158,0.6114260585957441,-0.8096626916429842,47.69182,-67.13208,11.036326,12.775137,6.695664639790154,-1.4330712480452814,45.49471,-42.37094,13.203259,12.868836,1.89959182332177,-1.061472963126348,28.68951,-48.299393,1.5026649,9.336077,1.3903203092241236,-0.5294124524320928,41.009315,-32.2968,9.502494,10.550097,0.5420494396286979,-0.41719298050676984,23.272778,-50.86396,-1.3902164,10.026891,2.2974781224791245,-0.8853253998804985,37.351906,-15.684778,9.144896,8.394924,0.338274071550384,0.14141618836678646,30.965057,-44.873863,0.07948426,8.097075,3.373473625886848,-0.7363827885804939,40.45707,-17.77356,5.43777,8.605478,0.356339001027977,0.23353389336413508,37.72734,-26.496468,5.109436,9.625735,1.172356163777951,0.9697319600171933,117.45383522727273,rock
5037.661222367715,1141.6728541416187,3262.7993115461963,551.3642015852068,0.24407644888079405,-0.16019025265654338,9323.876953125,2583.984375,7106.473694792473,907.8712118102912,1.8843825853454588,-1.021782837948356,0.419921875,0.0,0.15454025977167182,0.05720697551208657,0.2900585944648921,0.3932962862999205,0.54114354,1.0837291e-11,0.26873064,0.077793844,1.6604700861557689,1.221184269938937,23.261395,0.0,1.2180792,1.2373537,91.71235272361291,6.7529929944268865,58.41652346173634,3.0642992395261643,19.6131178159033,11.112254783956653,1.5089382141837726,1.7199694607645448,3737.451177859457,1896.4062751931665,3044.3256667930686,203.9617059765013,6.3614735165498,-1.382624387701046,0.9999987,0.0011639509,0.07520912,0.052921724,71.0352366429447,4.579934011110869,27.175219,-550.7147,-51.14609,32.10323,88.48903702172976,-5.692773468783656,127.40193,0.0,54.513664,14.714902,0.9779392040341848,0.37458291182567294,49.045433,-46.148666,11.228962,13.391332,0.41161308105265837,-0.1605711956985218,66.071205,-4.0846906,29.903864,9.30633,0.801667533656512,-0.1189533138799969,39.352425,-13.771221,12.15533,7.8724203,0.20295668913245057,0.02615227235623299,42.928413,-13.79118,9.434226,8.401347,0.4275842954587046,0.17723566481368272,29.061932,-24.894787,4.184788,8.961016,0.001053169443661961,-0.30109782921638417,30.9138,-14.656214,9.2874,7.0559387,0.13543920339082804,-0.27702038833204656,33.627094,-15.559617,7.0087233,7.3473344,-0.13420066165408917,-0.14441910094083782,31.935337,-14.405315,7.8293705,6.6463037,0.087911083365527,-0.10742308375520293,21.493763,-21.238256,1.5704033,6.5993805,0.08065038684243664,0.05423736366950132,28.851479,-14.994932,8.409232,6.3435698,-0.07190371616895286,0.04355940645598335,24.727585,-20.447216,3.0761049,6.5081277,0.26964625888987337,-0.07429619042045173,103.359375,rock
6641.221929858629,389.56696438947824,2298.4934919935067,959.5281777238498,3.9605324762593925,1.8586480613827505,9323.876953125,430.6640625,4512.458363328456,1638.8197787272975,0.7387585444145728,0.9365172280055541,0.60546875,0.0,0.1275778594694109,0.09068447605135445,7.850568092092596,2.557600648984846,0.6542266,3.6862154e-12,0.24500671,0.10845289,0.20669056453186974,0.17074285482644563,24.087507,0.0,1.4009377,1.2679384,90.76399544819556,6.7555524180623,65.80341259746373,2.3369966319236113,23.714198238195657,11.725101306355349,1.3588707665653672,1.5772210939454832,3720.4385021243206,849.9807764681268,2159.8772277832572,472.4895057704362,0.7048151462199286,0.29011893671718564,0.9999987,4.3570246e-05,0.02292776,0.05268852,93.62921201120072,6.896893791296032,6.0604544,-539.5603,-109.559715,64.57677,2.8729986956404208,-1.2504289597942866,201.19003,-36.986244,89.53765,39.070755,0.3036303669744145,-0.3291687133229473,65.0117,-123.683075,-24.170126,29.44962,0.11834691908465444,-0.02045618767824759,84.969696,-29.032068,26.940296,16.830315,0.5412104323711011,0.3424524024371382,56.342392,-40.312103,-2.30829,15.37279,-0.04707954457216834,0.03855056101917536,53.85946,-32.24561,12.258322,14.8922205,0.022045367440586272,-0.21155155239436824,31.971941,-45.73635,-9.686262,13.361856,-0.6498678383483685,-0.00756309234127886,35.72805,-27.849869,4.405344,10.094165,-0.2629151882980607,-0.15838868825345764,22.685112,-42.79535,-7.418856,11.127351,-0.10757064400217065,-0.45518781614598425,28.743664,-39.201454,-1.4785285,12.508849,-0.5758368630087505,-0.12492004661422573,22.180489,-42.340443,-7.017903,10.178594,-0.2617882829910205,-0.011969285870113977,26.40735,-33.94892,-2.1237264,10.047982,-0.2966077175435533,-0.0333492579827137,19.10292,-30.635792,-5.401101,8.515312,-0.3803263451487098,-0.0372380201877292,123.046875,rock
6890.542370951813,1188.676439388228,2506.177955274448,631.3162305324705,3.997843365872038,1.275886018319397,9905.2734375,2282.51953125,5234.801679203754,1457.5190750130462,-0.40764669419891053,0.48180944031886924,0.689453125,0.0,0.12265609882933437,0.052331464531279175,16.0346997947539,2.0315229918323343,0.7141554,3.003772e-12,0.27956834,0.109332204,2.092458780677915,1.1768803054250347,24.795702,0.0,1.4212575,1.5413656,51.02868549972473,5.047806314470283,67.14054495780223,2.5360984004567797,21.80238777173643,11.194474161898926,1.5170770488523901,1.6233822097026598,3808.43612962026,1089.689037831266,2485.020353846262,462.9595651747689,-0.2210299734809258,-0.21468476536196968,0.9999987,0.00016603897,0.030893926,0.042253483,214.44500762137795,10.295758968735369,31.196028,-533.8523,-73.82566,49.116985,13.423071423296868,-2.2167807776033888,156.39108,-41.24838,80.770325,25.562971,0.16305219611990562,-0.00982151411190867,57.565403,-103.97577,-17.889479,23.793783,0.3427304942776508,-0.23913151318071382,77.545166,-10.855356,32.84067,14.683133,-0.14140269616526346,-0.14170650178149236,49.53445,-74.79196,12.736703,16.800114,2.869341870342147,-1.1301814302999678,47.040215,-33.539574,9.292184,9.831308,0.5215226867804756,-0.16417495234155435,36.56478,-33.123726,1.660535,9.245927,0.5829578513396587,0.02187847399295653,33.456177,-29.027138,7.2304406,9.801425,0.03985053468864219,-0.3354192274240666,37.43507,-36.919586,7.0739074,9.606224,0.5698855221548427,-0.03299436988708689,32.00629,-21.593,6.1725283,7.8184266,0.19812172590753407,0.036921160477231,26.030994,-40.01786,1.1547836,8.635361,0.6703598603157275,-0.4117989926935299,38.738903,-19.875694,8.776486,9.859675,0.04538039731862531,0.42769741024369456,18.34349,-35.5607,-4.6613603,8.912573,-0.012369593911803367,-0.43129124537096875,129.19921875,rock
5172.058020057123,484.14983292109014,1795.9471755357188,634.5108519507562,5.235050604973505,1.8824224833397412,9194.677734375,775.1953125,3913.9763327205883,1429.9578097237993,1.7826345797517433,1.243074750422532,0.35546875,0.0,0.0667524308243034,0.041880151041866334,10.525537079584476,2.42635009515858,0.6764875,1.1115685e-12,0.286077,0.13587146,0.680161505437912,1.1394617179089868,15.807561,0.0,1.2014312,1.3640118,27.564752281235673,4.157065291867504,59.974007758627664,2.965235723524197,22.439185364388702,11.701796820883278,1.5108946276695896,1.6569885955981798,3710.4612955891357,1121.363624451464,2274.8154591447233,399.34942389593925,1.3544881357017902,0.865156639057511,0.9999987,6.3880296e-05,0.010804858,0.032287855,680.9278114449264,22.888783821343914,-14.197411,-530.32904,-116.45104,42.38895,14.636577523599335,-2.03708433969141,184.34174,0.0,106.79214,23.90716,1.7215625048273075,-0.9121221109900123,60.802658,-45.328503,1.348631,16.546228,0.6680770203651085,0.3961892170579063,76.06863,-7.867618,29.153862,11.3185425,1.0712463113777462,0.4054339346039369,43.259186,-30.614206,10.310179,12.171322,-0.006974815516815891,-0.2666968462543606,45.036346,-20.608192,15.116435,10.138456,0.07734954720038312,-0.271799374980616,34.0069,-23.771118,6.430845,8.115948,0.5200760221707008,-0.2021144711206611,37.46865,-15.908344,13.143094,7.1832795,-0.08674369975053464,-0.022367082483021158,22.607395,-30.183521,0.71741307,9.078726,-0.11103379303506511,-0.3894609070214515,40.117737,-13.425047,13.957852,7.772409,-0.05063377244333811,0.03354575820329099,28.84726,-23.32499,2.8148143,7.4781165,0.43925506988958984,0.07962990639701562,29.298306,-17.457235,6.1992726,7.0000668,0.05690755998947861,-0.13532488269727264,28.24849,-19.154879,1.8686597,7.709112,-0.27808785847809014,0.2444216160660893,117.45383522727273,rock
5027.05234101687,517.5234659789381,2197.7965639395397,864.5370430431476,0.37833900322274694,0.34685986294477206,9000.87890625,732.12890625,5021.236303937693,1907.3288546065442,-0.48773223285202283,-0.5620454457905386,0.3583984375,0.0068359375,0.0844242816369969,0.05794354660788391,2.6723315948035555,1.4710576579018504,0.5142018,6.433509e-09,0.23685923,0.076870196,2.1512747775209835,0.8346244560747886,23.652494,0.0,1.3394231,1.8824865,24.621549275667498,4.068064919530505,61.00623412725717,4.906374926589416,20.442434995131958,11.454190051525147,1.4027896501535864,1.6813503597490271,3634.699334848022,1095.0141729331815,2572.0739520460083,505.4757188768779,0.44752374389809724,-0.9253008585702377,0.9999987,0.00012506243,0.026291387,0.039546598,283.99432618790564,12.358006836737271,11.733508,-566.4155,-114.6072,63.620476,2.0020237237842977,-1.1420387581381448,193.60962,0.0,94.138054,32.73642,0.4642113269915584,0.5053508150306376,79.060074,-51.371407,16.870937,18.598001,0.06402425692354985,0.13565649397079077,87.44305,-12.161004,30.773483,13.484862,0.6188852045595552,0.08556394800933197,50.177612,-34.462337,9.029122,11.284121,1.262913428666299,0.12734956506407216,50.13587,-24.660805,17.04442,10.294211,0.6542396113969735,-0.24592861184247378,34.772034,-22.07491,4.9310384,8.564187,0.33300864011668674,-0.22059182803344296,38.60771,-16.82787,9.608232,8.151229,0.3513975221412302,-0.030201116447637823,33.062714,-32.27305,0.44021115,8.525299,0.3537997117119538,-0.4342937397234848,42.374058,-22.794949,8.138481,7.954535,1.519206864603487,-0.12832002350235702,39.695885,-28.920694,1.9290904,8.342546,2.1878687757365034,0.4376450580062432,33.067028,-20.839878,3.2522166,6.8254495,1.130305275741387,0.098631656591181,20.29935,-25.931461,-1.2928784,6.7430134,0.39993918446134513,-0.1930864451603359,123.046875,rock
7607.6281702656925,597.8828101029809,2562.349606007344,1016.270198591789,2.7878263712777818,1.2725395393814,9969.873046875,258.3984375,5498.777370939675,1659.4890904914894,0.6347247145793409,-0.017306988940993945,0.720703125,0.0,0.10677612021461717,0.08832921303230086,11.063893543947154,2.677421407597809,0.4827115,2.6913766e-12,0.17185864,0.08495392,1.102466940306722,1.1075282239902111,16.615238,0.0,1.5740294,2.1017268,13.193918392620777,3.1960099962754387,59.124193275526046,1.48508474469228,22.846708927171942,11.459877664907811,0.9011775007337182,1.4225438004830406,3974.1829391110923,1498.4299955364274,2637.135122963425,386.40707539229027,0.30203152976911385,0.2834101675704776,0.9999987,0.000153743,0.028945327,0.047162574,141.60766180983038,8.250962592198116,0.087534785,-571.5609,-168.48262,83.74044,0.18293601297120965,-0.54062455790134,135.4656,-77.10144,61.93273,29.995846,1.3161652368653227,-0.7699040267912562,113.24977,-53.23063,14.436725,26.646198,0.07285224863117978,0.2866761702544868,90.66468,-19.610344,49.861084,17.7621,0.6285265750217062,-0.7021528468026473,64.58673,-21.13845,18.141312,14.025373,-0.21031049552189973,0.32133687644906883,61.50846,-13.868939,23.188282,12.814124,-0.18505424535013315,0.19344048426806149,34.544113,-18.047447,5.0145707,9.1657095,-0.13733194422883965,0.27622367545780846,51.759384,-23.253395,10.1053705,9.569644,1.029611856384716,-0.013787094330228263,28.103937,-39.169487,0.24844113,8.251947,0.42341556856233264,-0.34669328822679985,27.61835,-22.226473,2.955252,7.348448,0.18245345342784391,-0.16866057015049193,15.766232,-33.852825,-5.1104083,7.34814,0.3904037775449205,-0.3117524146475451,26.483788,-32.069992,0.693548,8.721772,0.2368690155300497,-0.3366669714073253,23.328945,-31.55884,-4.602972,7.9263964,0.053056102157466256,-0.13408319757422857,123.046875,rock
4491.345306233126,942.6623089165649,2678.0084948163503,418.06245748191463,3.0348982369616566,-0.3059989201340975,9108.544921875,2024.12109375,5574.484982236079,866.9296802219461,2.9524333108336744,-0.14833234910706827,0.275390625,0.0,0.13239483637857696,0.03641100210489732,0.6321266769742464,0.009079603896490786,0.41543773,5.7516266e-12,0.29806113,0.04588727,1.955666035764672,-0.4137457420083415,29.884794,0.0,1.2084546,1.2667135,220.6953897286729,11.15404466107628,60.602483821901764,1.5460321662756655,20.634442004238196,12.367701284626738,1.497278496580516,1.7021478401012422,3699.885951298805,1352.2892984753305,2553.5267139432867,249.02073596025946,4.375212060651319,-0.4275655068491876,0.9999987,0.00065018516,0.04393427,0.03664467,357.47840343726574,14.234287983127158,38.353638,-585.7586,-36.03437,39.54504,57.122333185894945,-4.734749092123929,173.67621,0.0,73.077995,17.845139,6.766970832745606,1.5315835558486914,45.30759,-46.402527,-9.910702,13.489501,0.35954717814865456,0.48158107199351546,65.64938,-5.126029,34.175182,11.597269,-0.14634444040256778,-0.11574521909984896,28.61314,-33.179153,-0.96259946,9.933296,-0.1840368584229899,-0.0008477082014851808,41.518433,-9.488328,14.023623,7.771878,0.30088609396494403,0.2092696498117941,34.55163,-25.80907,4.376627,9.479318,0.1913596661532022,-0.33965767506491307,39.446045,-8.915853,13.029416,7.5118146,-0.09936972820609435,-0.011285864421816226,26.567106,-17.236002,2.1048312,6.8370495,0.22957960459890536,0.37056345858379225,38.259293,-11.900892,12.713974,7.362974,-0.05202323450737234,0.03809906824104671,27.027107,-17.304218,2.3532135,6.037428,0.05630813691348324,0.1943159794927348,32.62523,-12.061819,7.9764085,6.871146,0.052507489744389346,-0.04965440104253389,20.752466,-26.907558,-2.7648141,6.831075,0.2660490343251207,-0.1213781439727363,135.99917763157896,rock
5439.97951796875,609.6294809493924,2376.5708225247486,837.5022308062344,-0.13932702226714877,0.11701235212009062,8764.013671875,1571.923828125,5039.169528831269,1766.3850843045298,-1.0197047091206353,-0.21283931640272077,0.4775390625,0.005859375,0.1131618251741486,0.06642586970999732,2.8186229537219933,0.9822332063752199,0.45465738,7.477728e-09,0.21261032,0.075984284,0.3845345254378465,0.7672361621986205,21.677637,0.0,1.1870931,1.5357932,39.77447617731752,5.16572885542331,63.9763107701779,4.4579950404972255,21.20595814964153,11.475004056978902,1.6398210694499058,1.6998435425212306,3579.573487437412,1081.1286745546217,2455.183081761763,502.4852221349651,-0.1836732704446553,-0.6395169917015967,0.9999987,8.462574e-05,0.04128438,0.050369013,101.52122413195762,6.215367782131828,28.961313,-570.67975,-99.711975,58.58332,2.6787562486131478,-0.8177421863519473,199.80449,0.0,90.09025,35.739437,-0.057447786856239524,0.5853724872138928,59.63021,-51.620033,-9.464913,16.263674,0.13401823624409293,0.1422152283924587,77.60739,-11.094973,27.511703,14.904854,-0.3939518459756681,0.13835828343303763,52.002743,-26.102997,11.238694,14.287848,-0.004020883338839543,0.4551714477121406,52.6484,-13.340488,16.477203,9.757781,0.22461746700147334,0.13934774756416698,28.498379,-27.06955,1.7849529,8.528442,0.011932676236345863,-0.11418753381850971,32.57222,-16.457962,9.0291395,8.566645,-0.3042851599006182,-0.037821644430521474,29.620169,-39.019257,1.785756,8.975991,0.15861648542014262,0.11028455676137038,35.738285,-19.036446,7.6398525,8.368107,-0.2374396125862348,0.16434615871344818,25.811275,-26.699497,-0.8282342,7.6194987,0.008644867259848255,0.0817438017551343,35.105095,-21.246407,1.7090389,7.8034782,0.38288593476045785,0.2892447998282153,22.429827,-24.595654,-3.9703827,7.73909,-0.05408279040087294,0.27618052753609007,89.10290948275862,rock
5869.632838222681,812.6381746672889,2871.852439571961,834.4767679980064,0.6308850884437489,0.201081430177373,9754.541015625,1507.32421875,6267.812099397736,1534.1151819149698,0.1414049338796639,-0.5547985685730428,0.4130859375,0.0,0.12291460066756967,0.06324084103286907,1.061456897668326,0.7134289367257027,0.4935949,2.908304e-12,0.30347168,0.07242646,-0.19687188382246923,-0.06148623236265624,28.549461,0.0,1.4435903,1.7167743,54.77729369129377,5.172588426579724,59.342974787520596,3.062656781527892,21.946560158138425,11.333620700947312,1.1420125629921793,1.5179105110454099,4028.786041733991,1437.5896036223369,2840.384042952727,405.8127403519229,0.7645094910276344,-0.590320635457253,0.9999987,0.00043555797,0.040138755,0.04446614,167.0132810624554,8.440512970633076,24.348513,-569.94055,-68.07001,53.014194,11.451034859191553,-1.8450445764393615,161.88684,-6.401668,65.16124,25.064165,0.8359163544390165,0.616891768480077,78.38551,-40.216488,10.686353,17.026915,0.47350302463689786,0.11357695833180997,67.41206,-10.482298,28.571981,11.945747,0.13304356309137289,-0.01436883232817985,47.98954,-26.530193,7.5682445,12.517106,-0.010488415871519052,-0.10766679158003553,50.290806,-9.837135,18.775211,8.540024,0.0878895382702618,0.25210415389386853,38.493004,-35.66755,2.3905494,11.730759,-0.20276300043625906,0.053485957062244946,48.6044,-14.947542,11.948993,8.419445,0.8794545532795794,0.24054753463330938,38.033043,-19.358704,6.293825,8.035256,0.11221320710672167,0.005629199615895311,35.605087,-20.52919,8.13477,7.6151066,0.4952983746291517,0.024224928606707753,28.15216,-19.177925,3.6519504,7.7161546,-0.06588356522260286,0.09430528441390687,31.532406,-20.815079,5.9048867,7.502613,0.15715058871839105,0.0733159616588585,24.800484,-20.823719,2.1159937,6.875189,-0.007356096184882421,0.05276389918388917,143.5546875,rock
6703.9082072951205,1252.9433365189539,2865.8716624317085,758.639601903997,4.951193848332954,1.852312245819239,9668.408203125,2476.318359375,6153.129459534636,1316.5112887896719,0.2246882068010616,0.3850461813888229,0.66015625,0.0,0.15233090049342105,0.07767432060300075,11.852125688131839,2.862079924470527,0.42485204,4.2110894e-12,0.23295255,0.07682757,-0.506988888623626,0.005327354145538034,29.075241,0.0,1.131064,1.1557783,276.989082986393,12.989937133514657,61.851736896339034,2.938614038568055,20.96849757337142,11.528742485646623,1.5565718336358279,1.7003456222678335,3832.5989302055364,1556.0585320732112,2727.239015036668,377.2654463720167,1.2465986472682085,-0.07331984307468023,0.9999987,0.001889706,0.058573294,0.054430693,70.82717544915955,5.302851978147559,30.910118,-583.2483,-59.014435,51.4588,15.463398843320828,-2.2084327901050944,142.57529,-38.521057,74.48446,21.747292,2.8957910973298517,-0.5217577524912106,86.181305,-73.28126,-5.6762104,21.116337,1.9341578252466753,0.26275000913658964,53.645683,-48.09356,16.497847,14.327305,0.5863928696860907,-0.39319967993787075,37.010757,-40.295235,1.5774182,11.800333,0.3850570909622171,-0.12982554574775368,31.235342,-46.157555,6.215809,10.67938,1.2710690492953542,-0.7282669275034771,27.594685,-36.97915,-0.9809706,10.286325,0.18583438643465833,-0.34727438741237937,35.24011,-30.072056,8.49213,8.394421,0.9499657169301878,-0.464191333661411,19.609627,-34.68361,-2.735201,8.4097185,0.4022024559171915,-0.38763289360980574,35.053566,-20.891348,7.4542994,7.6709237,0.41276881101240503,-0.13861905537354674,20.255896,-29.041172,-1.2260631,7.7560887,0.363753733270205,-0.3709605119800435,24.394691,-19.584114,2.6823525,7.468954,-0.05620154608227956,-0.10373648980222244,19.404745,-31.417177,-1.4624251,7.0133357,0.16681306259744266,-0.23690804857118783,89.10290948275862,rock
6157.13509898769,719.265839297332,2992.368026106038,966.9531159439886,0.9751134249619535,1.028536241601033,9496.142578125,882.861328125,6505.027331656347,1362.9757917643824,0.3886147947693148,-0.20308834904913486,0.501953125,0.001953125,0.13792735947174922,0.08623040100504631,1.9625332506552091,1.3243878561937146,0.5285684,1.1445461e-11,0.26841593,0.07759452,2.3110958874860907,1.2030677556687832,29.117294,0.0,1.2617953,1.3557706,145.8131987998725,8.550060278466258,64.39847253473533,3.3968918502108956,21.74768114568957,11.263308533932094,1.2695178885491556,1.5842838007090043,3910.823199538284,1394.2405109502874,2859.2817692618246,329.45205524355447,0.5992626798673801,-0.1608085080883101,0.9999987,0.00015166026,0.053395037,0.06060615,46.428122820847456,4.093758992973029,36.454636,-564.54834,-72.1056,58.222996,7.843542663765804,-1.6615880943237404,154.08429,-34.883503,64.18553,29.800314,0.6389154167585227,-0.6819615429991233,98.186356,-39.655415,7.0781007,23.021275,0.8134611906875375,0.984593534760477,67.63319,-27.118736,17.285137,14.179953,0.22261487067372743,0.14540755986714296,55.575546,-22.56776,9.805026,12.186697,0.5979374579559731,0.6675365755286378,53.90036,-15.344272,17.957207,8.956034,0.2860629425372747,0.3390634224405717,28.962055,-26.348186,-0.9225309,8.370959,0.009477074929967522,-0.04343592926609007,40.411736,-10.426095,15.121701,7.5939727,-0.17238114100013746,0.08810181370995876,39.09037,-15.401077,10.120412,8.278485,0.08073963229737435,0.12036526758762207,37.033028,-9.257231,14.813056,7.610489,-0.2770589828866572,-0.1465178749509329,33.129463,-18.317108,4.7085724,7.2792063,0.22101985219066345,0.2224759112121291,39.431934,-13.076484,9.830763,7.476969,0.26201625143686247,0.12519450929696677,21.67886,-25.547924,0.054197505,6.7192197,0.24042970609461323,-0.0635763227808593,161.4990234375,rock
5111.999963599509,1087.5108320863765,2784.1819187791084,609.4050611150817,1.3488170419134509,0.7990529092478591,9216.2109375,1851.85546875,5713.282119231328,1224.1712822508928,0.007112162809444378,0.19620621335683563,0.431640625,0.0244140625,0.14067790973297215,0.059996453856991636,2.6550870220127187,1.3136277528781353,0.5618898,6.5854424e-09,0.26306546,0.10104887,-1.0336927003029788,-0.028064400761498277,22.921087,0.0,1.1913685,1.0127187,168.3642998560121,9.211321019783103,60.713437589993035,2.474201834125939,20.758379918253922,11.912748377278248,1.537930010873942,1.693966630426265,3821.4216448267593,1488.0097538621847,2585.532603707092,339.9905444824444,0.4233749925852299,0.14784624966804422,0.9999987,0.00039326088,0.048498772,0.04918692,109.83344434005119,6.847355457586713,30.120443,-558.38354,-56.80857,51.18936,7.37814696990435,-1.6768813635831141,163.9154,-1.0521271,69.70282,22.163315,1.1617263046146045,0.25178021329390526,56.302116,-72.75734,-16.062254,21.526173,0.29457580865759114,0.30402937631560933,58.25738,-47.89601,21.444916,15.389938,0.21982916634895844,-0.5369080833521677,29.53915,-31.058865,1.304115,10.49165,-0.2923165067175333,-0.27670411860831956,40.64842,-34.174057,9.840949,12.283611,0.19112088538013028,-0.31530175438515423,26.560127,-30.56896,-1.1778116,10.410549,-0.2897928485164565,-0.3500327826611573,37.609974,-18.01978,8.407275,10.577827,-0.5824922458373436,-0.03795478669526509,27.408566,-36.25857,-0.2406276,10.527134,-0.2196981543267218,-0.33231482962452813,32.1729,-27.140205,3.8183057,9.262891,-0.1363706242019207,-0.23977131121914497,22.04954,-35.39229,-4.181055,9.333258,-0.26851801041910317,-0.24533768295031194,33.903496,-20.325897,3.6836188,7.986639,-0.089516069813671,-0.0939667002887327,17.981632,-29.056793,-2.069031,7.6618695,0.14533753042209785,-0.15110056765105917,143.5546875,rock
6167.344155532831,682.2609999738698,2671.9256756997406,693.2195152913631,2.186452867575011,-0.26130713349574486,9431.54296875,1335.05859375,5588.832871758901,1433.5965837391275,1.1638727775166977,-0.6045743497663182,0.4658203125,0.0,0.1318298906733746,0.05352979034393017,2.6136322214505494,0.5956879849470893,0.50737,6.096194e-12,0.27186868,0.092054375,0.06593271874946804,-0.18998989482138967,27.904654,0.0,1.1847632,1.1921737,217.13915159482755,11.6003784710612,67.30820953394682,1.2242836053399557,21.479209668493006,12.118797703643244,1.4312486208255848,1.6506482364466932,3567.884361479642,1056.5656709677323,2545.1196596239433,478.0483101062733,2.1192010338776504,-1.2456018420618662,0.9999987,3.4022774e-05,0.044453695,0.045530114,149.67791214807158,7.9248823472110415,12.519451,-562.78076,-65.57526,77.75315,5.907457555283294,-2.4291741378559184,177.05264,-1.2212924,74.26879,27.421734,2.9728416188031357,1.4363163395961702,56.983055,-87.993065,-9.639388,18.78473,2.879165249064905,-1.1981705730149392,64.21161,-27.784863,27.963886,10.718366,2.0862821481075278,-0.750963970287274,39.5018,-68.0951,3.0345001,15.751512,4.5367988016604315,-1.840747363364153,42.357544,-36.44883,12.152108,10.172597,2.2041816602801614,-1.0787614881037622,40.7556,-58.29453,-1.7621876,11.503834,4.8672901948960385,-1.6011282010654364,31.890472,-49.436012,6.7881646,12.156549,2.5438996853113034,-1.5013653729434302,30.325045,-36.433594,4.9229965,9.251061,2.9539048368065934,-1.219137448922279,38.677597,-21.031784,9.8059435,8.442521,0.9313280298533204,-0.5156945163555072,30.035069,-27.830368,-1.2699692,8.710995,0.9888969137482566,0.421759109019255,30.792435,-31.477095,6.9192777,8.085172,1.403332583724655,-0.3452147101448318,24.657091,-38.84668,-0.8324529,7.6229124,1.0334430343272016,-0.1281163215781319,151.99908088235293,rock
5688.658589395107,967.3799837776185,2356.795118248886,696.0219213953616,3.4338490759188947,1.5985125899977997,8850.146484375,2024.12109375,4729.354735572271,1440.592561069148,0.21868374678575409,0.9976942393824576,0.5244140625,0.01171875,0.11493127781540248,0.053159817735252614,12.06479835243233,2.430016727979568,0.48894766,0.03839592,0.28123912,0.06082105,1.1441861661058965,0.20425902580218874,12.568384,0.0,1.2220193,1.0088074,18.168337480158417,3.2252025279720566,62.145700426678154,3.64556503220048,22.683626855715477,11.18517409551029,1.2561970498369028,1.5480309367535128,3681.968442931814,1364.518970234292,2346.9958654176103,398.90578502314537,0.3667064376591931,0.7846989664725109,0.27502254,0.0004873311,0.024699388,0.031126605,17.052319163311818,3.47868567652807,5.4650173,-537.1045,-71.16296,36.619602,19.890040417833813,-2.0736532172673114,165.40497,-32.21445,84.57167,25.40138,1.3508102663083479,-0.6738098482504059,45.20375,-82.26428,-20.557861,18.814924,0.44747256964930404,0.6176560748406853,78.35632,4.1070642,34.814617,12.323112,0.24377315475259742,0.43488450726953426,44.924942,-9.778669,15.59017,8.985958,0.010056536232102786,0.16470095272594734,41.27628,-12.178757,14.0254965,7.586133,0.0066045928615610094,0.12981152445365712,36.335236,-23.018291,3.1255097,9.150125,-0.3908285931168072,-0.10282000517212998,41.83764,-16.889502,14.821979,8.217692,0.25073868878277805,-3.3342585795177e-06,34.598297,-28.244598,2.4789715,7.319408,0.7080099954445624,0.015244223873897787,33.34201,-14.063186,8.753462,7.8832717,-0.1940509941828501,0.07623849026763374,29.143467,-19.47267,3.842251,7.7003946,-0.16979021464269461,0.16175244040082346,26.202795,-18.335838,3.30859,6.932267,0.026596766040371644,0.02590453557483944,21.304949,-30.011387,-1.1830509,7.0240164,-0.028171200636171623,-0.06420209741751244,143.5546875,rock
6143.162128079762,923.0028190082123,2613.3663474388227,640.40878406352,1.3759398578268076,0.5945805418785328,9000.87890625,2067.1875,5398.56735560178,1214.1260154732581,-0.008000970134799612,-0.09556380141422982,0.39453125,0.0185546875,0.12230160361842106,0.05784597158899728,2.134516006240255,1.3260235196602972,0.6013909,0.03024121,0.3267546,0.09449515,0.4974505449774278,0.5609044299939219,11.160049,0.0,1.347748,1.1510053,10.650329998821386,2.741043582381146,67.65087310951247,3.915693403046543,21.416873480032926,11.871361380779781,1.7353089220774063,1.698273970586931,3711.1817476091037,1526.7735717542078,2542.917536455456,316.6229493225425,0.7832808010738264,-0.16167571018888977,0.20547347,0.00049587875,0.033239253,0.030802306,4.491147189416802,1.8797251202553449,39.97333,-503.44513,-54.471104,38.820114,14.615666023616882,-1.816956575157348,155.59326,-3.5781207,74.08869,26.03289,0.2760315457726823,0.3326975842105604,57.85339,-53.378555,-3.7054813,17.579058,0.3084826566812797,0.017279740997437294,83.03665,-21.975014,37.740536,16.165829,0.09234376344468087,-0.32277187026453097,38.479767,-43.538162,2.1010718,11.731404,0.18346242086668996,-0.008393879575234239,43.635635,-28.823418,7.520669,10.906758,0.09473429373981368,-0.22594373222424455,30.48642,-27.266827,2.4093194,8.855701,0.3280326436317784,0.13779557784815613,41.65249,-19.157629,12.559894,8.812246,0.4833595164305913,-0.20442202323384018,19.151846,-66.171776,-2.0969725,10.19921,3.7627279195546484,-1.2132714006071454,40.121666,-22.469322,7.916483,9.455643,0.248441861402652,0.11120989634709917,35.495007,-28.847628,0.577948,8.790631,0.4036909141274858,-0.16199247473175574,38.848557,-23.24889,8.919279,9.803684,0.10614009666337365,0.14574820057987156,22.601665,-36.92772,-0.63029003,8.655249,0.3654953487798607,-0.3887465745998575,135.99917763157896,rock
5113.963493443235,1432.1674016399343,2770.4363014795535,400.73452810178395,5.435918516438857,1.2725219627821058,9496.142578125,3229.98046875,5741.365282749613,771.5008068449599,2.0086596868167588,0.5480282582086163,0.3740234375,0.0,0.14584719064434984,0.04459746922826261,2.1268123543569413,0.5329169274134377,0.5676667,2.0615855e-12,0.3251519,0.06385815,1.3589150958837406,0.7794514337031385,27.635609,0.0,1.0602595,0.9723456,462.67394387137097,18.386784594208528,66.09973964343119,1.6487797542214508,21.105635601442316,12.451873944301239,1.7995585869332311,1.7882132578540577,3478.6611612280694,1958.8588140825298,2539.784221010313,197.76985356257634,2.5097237009770286,0.8928433405093892,0.9999987,0.0011698239,0.0494631,0.041192476,221.80095034052835,10.651176935382143,45.6771,-552.6445,-20.461193,26.683294,242.55799510885765,-12.341609605595936,112.52457,0.0,69.8081,13.405637,1.8236640994583562,-0.45820141640475104,46.850773,-47.160057,-17.847187,12.269549,1.1829888401633095,0.6867485443193476,59.894493,0.0,27.203125,10.03193,-0.11562224706282054,0.06463320411839561,25.322073,-25.856825,2.3121948,8.647461,0.19053588886680028,-0.3297090611150649,43.47896,-9.78977,14.952874,8.929468,-0.11433903046333471,-0.10679624934986792,23.144632,-37.713608,-2.7473834,9.380539,0.5572513142697675,-0.46094019367206174,33.100807,-17.301018,10.287596,7.5674763,0.4214968433820028,-0.20618658635241743,24.283524,-23.751022,1.2756221,7.969804,0.08035212554306925,-0.2302401866192189,40.586388,-20.506474,16.250536,9.773629,0.5308199000473528,-0.63684866138385,26.131805,-23.327248,2.368416,7.5115047,0.04487606046520831,-0.1671332831036573,29.434532,-20.576149,5.4971557,7.689613,0.22644707495643646,0.12521867643137016,28.211958,-21.001135,0.27403793,7.64672,0.20680211175421137,0.2244135260411401,151.99908088235293,rock
4380.941226834733,1456.112706314047,2515.0309328426715,472.79641199012264,-0.05737803809680697,0.5080065940569566,8354.8828125,3229.98046875,5166.553187536253,1194.906442118065,-0.9163345812030017,0.4709760164081521,0.291015625,0.02734375,0.11626984846287702,0.036740293091383096,1.8494080108992605,0.8093232003439412,0.5327455,0.029020745,0.2894924,0.0716623,0.7917053690403542,-0.10884967530311894,12.168656,0.0,1.1336682,0.8463338,34.125672244379274,4.23001305077763,57.997233575634695,4.510603073366244,21.20924738173894,11.395785004323042,1.4534531312927124,1.6680712098695492,3377.6601156079355,1491.1931969953807,2475.357609150084,370.3253235837809,-0.365967236145047,-0.28375347253299754,0.25889686,0.0015341054,0.030967405,0.024941524,9.809628100487327,2.2645388122806476,19.505816,-534.9605,-55.346855,34.808155,32.33834673249074,-3.20934651381626,157.55939,-3.5316572,78.35949,22.204163,1.5633688028836392,0.33087785013041265,34.015724,-84.16106,-20.02428,19.715921,0.3074781907615143,-0.4592312547373053,87.505554,-38.511467,31.552422,16.247005,3.3795428216505217,-0.3328769390931797,45.796616,-82.05,7.1923623,12.090708,7.434166294726184,-1.803383735644497,40.74359,-52.27734,8.382034,11.268095,2.7316649539130387,-0.9931628491675171,32.675175,-27.703354,10.997947,8.65713,0.8632327180817843,-0.5708215809688637,32.986397,-27.086601,11.369929,7.6600904,1.5376715983219444,-0.6198161124526929,29.181423,-58.647076,3.0117228,9.532196,6.7534754982029295,-1.8654781366158952,40.734665,-19.402523,3.864055,7.606895,0.7494031210381755,0.20272735888661414,20.261051,-25.807737,-3.0190313,7.0958652,0.04830190251297184,-0.005692390594452472,30.387075,-30.501545,6.406109,8.276448,0.7845110147243042,-0.34857499423100446,33.125175,-28.494854,-2.3393505,7.295676,1.547988289356062,0.16655056862022086,107.666015625,rock
5858.365728098048,1933.3407617445746,2941.4152369331528,340.23345255998106,6.228402518403103,1.3640745775821432,9130.078125,4112.841796875,6262.5121314459175,761.6270864847335,0.3231882705789837,0.17521494022634868,0.4072265625,0.0,0.14183285361842105,0.036135258995053904,4.31143851073064,0.9740163727258148,0.46935487,8.670745e-12,0.32385072,0.05367222,2.571972488096976,-0.5894389350805138,31.302505,0.0,1.1248693,1.0543133,533.7827865149441,19.80403920542182,58.626868188019316,0.7205110565379016,20.59747334579763,11.335618652969776,1.5735994568275862,1.7063468265593913,3568.4464517923684,2009.0353572453478,2757.545887777833,202.11373554496322,0.7244288393481826,0.0936119370815843,0.9999987,0.008161308,0.048551362,0.03558307,394.9350272512354,15.393334507055018,20.840128,-571.6801,-28.935127,28.02342,215.2181653081014,-11.443365914060283,104.88031,0.0,59.4573,11.652627,1.5847702640502312,-0.3209424606905213,38.96553,-67.59187,-8.9572935,12.222936,2.5661287102991865,-0.6253357051005068,62.53633,-34.23887,25.517862,13.554818,0.6777786517058995,-0.5303790237807147,36.43627,-23.089993,9.6400795,8.606349,0.04548956862443232,-0.21712481414829152,45.34697,-19.326584,14.649364,9.725942,0.048847929789393785,-0.244596053387701,38.974663,-22.181671,5.62131,9.179997,-0.110875442351694,0.25282854608080557,39.778748,-13.912344,12.607011,8.332729,-0.03534098200867941,-0.19160905392819158,33.534378,-27.952862,4.6789646,8.959055,0.05157127842103737,0.0021072448083630222,40.07293,-20.590183,7.979992,9.010419,-0.01953590428491081,0.16602829932175134,30.222507,-17.825113,1.559364,7.26327,0.22446006028874965,0.22369219578578023,33.689148,-12.282352,8.02371,7.39492,-0.24896025676382694,-0.08812314301021303,22.7886,-28.838898,-1.8542733,8.026656,0.42958484941887987,-0.3687255612845487,123.046875,rock
6798.361024422908,224.35507652128533,2451.247335527267,1199.4061364037977,0.4222770862702805,0.6202596919466195,9754.541015625,107.666015625,5301.80127406637,2330.019661279962,-0.4200545565121354,-0.5110046273949609,0.6552734375,0.0,0.10052320167376161,0.09697652521305283,5.224173816622848,2.014803234409408,0.5741056,1.6333664e-12,0.26880106,0.13184248,-0.8717202220984621,-0.03747791603522994,25.933151,0.0,2.336374,3.6974816,8.690402656775017,2.768488595063818,60.72263014812985,0.7021861950898654,21.63878968126922,10.943247674421022,0.8080332915118187,1.3462373891001946,3909.4419380103936,847.5755688671131,2628.5415304152966,546.0699241850888,0.48294822064753173,-0.6432435450479782,0.9999987,6.1824812e-06,0.032427743,0.05848631,59.653768204125036,5.044471636749931,50.628654,-553.05835,-166.91525,108.11073,0.15199631388774115,-0.5845656490181452,196.85736,-71.6164,61.79286,35.424202,1.029220644707424,-0.38627259603380365,128.73839,-72.37901,18.505033,29.557657,0.35938880514918203,0.314564644002756,111.13156,-30.496445,37.286697,23.49728,-0.24002245050510762,0.3330618079949519,80.47202,-48.732857,16.266,19.696653,0.4056643283793395,-0.21451984804746305,66.68324,-38.737682,14.586371,18.1476,-0.2462270665655013,-0.08992954863153463,54.242943,-55.968353,1.4732864,18.244936,0.031181281865677146,-0.017046970961890243,48.269356,-34.427193,13.066554,13.84723,-0.2638045037823211,-0.08545192201908108,59.26333,-35.905327,3.7087507,15.083765,-0.2159854233553009,0.23683372515690457,58.334404,-45.246582,8.428088,17.886944,-0.38255858156647626,-0.17749338452952343,44.09449,-35.576912,5.2819123,13.630716,-0.3129076242942501,0.036660495480890704,39.986702,-33.79248,5.44071,12.912408,-0.3056874682062838,-0.1935325665298311,41.262672,-27.215557,3.2260904,10.713391,0.020885548807951793,0.2947847009206233,123.046875,rock
5919.89645275355,0.0,2211.499581031704,1048.881286584897,0.34356903806060934,0.44919877211121856,9388.4765625,0.0,5001.96975377322,2189.158248052544,-0.6891881596407496,-0.2727006509149819,0.3798828125,0.0,0.07457475691756967,0.05969595706594925,5.258735567485244,1.9327219153208484,0.5202558,0.0,0.21372074,0.09043063,-0.16420981578336846,0.3748381541647911,20.601109,0.0,1.6464596,2.3054693,14.487537404512086,3.2540952596059136,61.08003146060513,1.7263362308760009,21.47175403732821,11.807144383537011,1.1391308630450343,1.536303567842552,3790.050724056035,0.0,2428.960584056878,751.1150934401503,-0.5414463842846695,-0.5410908376978739,0.9999987,8.080445e-07,0.023371372,0.05859927,179.42004453990143,11.530647603187502,-0.07736138,-560.83923,-160.10931,88.11118,2.106523591463736,-1.240311647911617,188.23935,-31.881405,89.00581,42.344345,-0.7630808032517926,0.15837380834147322,90.27389,-72.52833,4.761155,31.465317,-0.7128271420160086,0.07314640004532089,94.47481,-25.045292,34.8627,20.080494,-0.3428576636454612,0.19109868776399994,49.84869,-43.18068,6.7041373,15.501925,0.36716930465220576,-0.38168328803110246,52.349937,-26.146833,20.127438,10.5063715,0.5617339446973468,-0.31113379677610614,41.526848,-18.975208,12.04113,9.391987,0.13178829807577497,-0.14522496527402215,33.727295,-26.392681,8.697113,9.935092,-0.22520752279349532,-0.21476003675754027,40.779747,-16.147408,11.228113,9.003279,-0.013552557397450204,-0.011279308044920121,46.35203,-17.892067,13.393774,8.5619955,0.5385468837087877,-0.00010447011263384143,30.691847,-29.02567,1.6821761,7.7871237,0.3801306110578153,-0.24381290494619495,39.399704,-18.740673,8.600813,7.778381,0.19154146734263788,0.09504384290916389,30.472242,-31.973557,1.7885406,8.148246,0.805639405224241,-0.40166782177747323,117.45383522727273,rock
4732.720974765023,563.3783538714819,2144.124296143998,524.7298046575838,1.661752233398202,0.328141968462506,9022.412109375,882.861328125,4578.372315208979,1187.4409425505294,1.339368794717772,0.2936539652945362,0.2470703125,0.0,0.08448021478328173,0.03136925541313287,1.8678584233704676,0.5435770909973142,0.5886275,2.698924e-12,0.33950686,0.05796848,2.430981735960743,0.04002594329804814,17.209278,0.0,1.119862,1.0082988,77.6690147033649,6.942601623752572,64.25515585986638,1.7565954716820684,22.704206115069997,11.763257535711757,1.5368223470372202,1.6575805083432762,3689.5955046244003,999.2138435089314,2328.553841240783,338.59382610636766,1.9648722835494157,0.23440853000737938,0.9999987,5.163365e-05,0.015591008,0.030448286,842.9887142101469,26.32700527383101,18.945364,-542.7892,-62.80819,43.868584,24.19667552131542,-3.307081146982291,196.47559,0.0,94.59756,23.632866,2.1158119450886037,0.5957186013933616,41.729927,-47.600174,-10.026967,13.421225,1.0193023603500793,0.7357993811733395,88.97644,0.0,36.4842,10.773831,0.8098772429323406,0.34854416016782946,52.53064,-31.226841,1.9694982,12.349666,0.8227102913801825,0.714072801399089,37.51611,-23.599728,14.982916,7.9207234,0.758392001631008,-0.42037813956856146,30.869398,-25.667631,4.0663905,8.156831,-0.043518651007217635,-0.07511244385809396,37.58206,-12.716393,9.052163,7.5512376,0.08979376438407316,0.29144398933301496,25.532322,-21.215645,-0.0048573026,6.9034405,0.30154593764921467,0.24836092832431342,38.70746,-23.251396,13.686128,9.248318,0.3142302227004574,-0.3478523346808209,27.16566,-23.538788,2.5926938,8.038405,-0.2657952991272481,0.05912625704082852,34.0297,-14.662901,11.01198,7.4241734,0.2747937065495174,-0.09306102281739605,17.971167,-31.063557,-2.788709,7.2763815,0.04470869003292943,-0.14800677030256007,129.19921875,rock
5548.226022553669,297.4175284089932,2087.0569805467007,728.918806842541,2.0646730124790533,0.9658606598461599,9453.076171875,172.265625,4354.47366909346,1583.401115079344,0.10462285081918532,0.44101238595363834,0.51171875,0.0048828125,0.08556108504256967,0.056328877085025424,8.54744427473714,2.076247842289386,0.5755453,6.4294494e-09,0.3196963,0.13082826,-1.1280733376227834,-0.030714701295156,21.148388,0.0,1.5308307,2.0020576,24.95183252210072,4.274727894950528,59.11802541473554,3.224036123586669,20.78491615400791,12.118091364506162,1.3857709371517926,1.6475277625919038,3639.938071840295,998.1486078734669,2253.258882146742,466.141473010841,-0.025611844764972247,0.14100426825154133,0.9999987,1.7365852e-05,0.021347776,0.041088372,254.0035819342317,12.082346302173708,22.95999,-551.71106,-88.167915,66.9982,5.985671952178652,-1.902253978213091,182.00488,-23.868673,96.19408,31.86064,-0.01955737547803338,-0.370343867845296,84.272766,-106.666504,-20.551731,27.20323,0.9023690681697918,0.2401777409991845,87.786316,-36.929535,23.34064,17.423594,0.7093324432591279,-0.4011534362112768,56.81036,-50.252197,10.155955,15.087356,1.6769596010101218,-0.9853122785767289,60.791264,-26.836731,20.377129,11.242565,1.4189087062629122,-0.6296248427753595,34.1893,-29.179619,1.8801018,8.488609,0.39874403769846056,-0.03981035058608384,37.641975,-18.760296,9.92973,8.361687,0.2547374263005757,-0.10660989232379903,34.324272,-32.74339,5.6008973,11.511919,-0.2421380899612915,-0.44129969891037135,41.69082,-14.277338,13.274262,8.721525,-0.1932032491739859,-0.10991698309663295,24.230839,-26.187435,0.14122808,7.453673,0.2733725743051081,-0.28037870584038177,26.15432,-24.309788,7.2079444,8.346676,0.14258070492150354,-0.4902991551592315,28.615532,-30.630302,2.4401736,8.402625,0.27531017628090426,-0.534603696619818,95.703125,rock
5237.570057527545,1123.545218771069,1961.363856908004,512.3500384363466,9.14938789134731,2.550309454198584,8957.8125,2088.720703125,4006.3757739938083,1140.6045481061658,3.2220757593736122,1.6035885104615681,0.4091796875,0.0,0.09295333059210527,0.039519556454629234,15.874569016665586,3.094768933450974,0.48677415,1.3117086e-12,0.31687564,0.06431957,0.09139676030466504,-0.17026127530800525,26.642181,0.0,1.2338543,1.1146585,222.21098124550653,11.097650198020622,59.23377037115335,2.213109256345348,20.617154207975904,11.886010971014285,1.7572029791002404,1.7990770489680967,3485.4835865054793,1406.075601482283,2140.438150179826,343.3034932226225,1.3294010077857212,0.9398872413007304,0.9999987,0.0011122394,0.018415805,0.036642283,401.3265997359529,16.210533051763708,3.9445336,-581.76843,-55.398327,33.92173,88.19243207742234,-6.131860920124683,166.59372,0.0,110.64691,22.136747,2.8203830743828897,-1.0840285442387263,47.519234,-67.7805,-24.618343,15.40701,1.691638365461901,0.7020900234792691,61.423744,-19.223347,22.202036,10.836983,0.48024990781634624,0.2921454846700933,40.984047,-21.928993,4.859945,9.941421,0.11791946430595912,0.0657225259110739,46.808044,-2.68011,20.031017,7.8181996,0.30287890186923905,0.2618913081645616,29.464336,-20.294811,1.5321771,8.42857,0.14775291837411064,0.18815816013714343,40.669106,-14.921637,12.017492,8.197516,0.03034913208558887,0.003071958087895217,26.973175,-25.915741,1.1770723,7.5266294,-0.11617491029312665,0.06263273256263435,27.539436,-15.938652,6.6540446,6.6826015,0.1681845903334409,-0.11105779928632561,21.896599,-22.546051,1.3043426,6.5803375,-0.07741775907999138,0.04273645340047735,30.581963,-15.047847,9.414397,6.9901123,-0.16549407821378903,-0.008370521356427019,16.044136,-21.84616,-3.734067,6.3276954,0.006541922562234959,0.1257857164358199,151.99908088235293,rock
5080.2755589326025,384.0033159468255,2286.6076384994685,851.313360165183,-0.27838181883901614,0.43889666377743464,9130.078125,473.73046875,4954.820038881096,1772.0911853991945,-0.6890660647474789,0.10131693028017474,0.3935546875,0.0048828125,0.09251644736842106,0.055606817130827525,1.229944744295115,0.9671580194585235,0.6697132,2.2436204e-09,0.30392176,0.12907477,-0.3576106243978341,0.694111753596491,30.78711,0.0,1.4485016,2.0007215,41.290761702683376,4.584255083744036,61.542540737614104,2.382487625980356,21.607118074315046,11.65508767902899,1.4279191489379697,1.637730575001445,3773.1707491128755,907.5878027364809,2461.4716043565013,490.7898999377731,-0.18205951668378617,-0.12176290167692728,0.9999987,3.484929e-05,0.030552557,0.048726346,124.00669235864594,7.551586697336996,37.47703,-537.1717,-85.4128,55.003563,4.958358298824589,-1.116647089021778,213.51611,0.0,89.58898,33.458965,0.2945074668076222,0.30311119735377234,80.85658,-50.90184,0.64077497,17.74644,1.2418392517363763,0.6142461701345974,76.45312,0.0,35.622463,11.459207,-0.00891375589351151,-0.05683342068954601,47.22824,-24.004295,8.186738,10.956984,0.5284038948910825,0.6287705924672476,41.51406,-25.284687,16.114153,9.280575,0.6291378125271065,-0.41733536691723677,26.609158,-24.182262,4.358267,7.6646624,0.2326647770291621,-0.25418564507256425,42.59062,-17.071926,9.746536,7.5992465,0.797825223231952,0.39498535839732035,22.39927,-29.86346,1.843846,8.331341,0.8049354110097742,-0.6808900393252199,57.051174,-13.806295,15.475831,7.457624,0.5470459276309136,0.1546534838133731,31.114506,-21.101574,1.6789585,6.7150025,0.2718957599196461,0.10841570399856656,24.69905,-17.310629,4.697333,6.604898,-0.04681224588424682,0.012410339713491857,31.581787,-20.23428,1.6150383,6.757902,0.8412332568335272,0.49146010272825474,135.99917763157896,rock
6633.533422703713,966.0210812095177,2539.136402609094,841.6225906064083,3.7274357514300114,1.5955162885165297,9582.275390625,1808.7890625,5233.685019289377,1678.490722123414,-0.25286669074519263,0.3951073355897944,0.6708984375,0.0,0.12531443498452013,0.07566336858545333,11.933385569757073,2.6386394659914627,0.64893854,5.607714e-12,0.31177515,0.10751169,0.34904150761882,0.6788227820938105,27.372452,0.0,1.4122143,1.4906986,80.6792554088337,6.260514588315061,61.4079670562202,2.984842614716932,21.116495276782203,11.440083262636827,1.4103567538803992,1.6356048654504878,4008.6806489617397,1221.6068287513558,2514.996814552312,436.7673053219784,0.35304307131370294,0.2504896611425407,0.9999987,0.00060566433,0.03710961,0.04939039,114.2354342341933,7.183526810163744,38.469566,-543.9991,-57.44443,45.202793,19.76927021166665,-2.282556315092318,185.75919,-25.082115,81.93701,27.782969,1.2858079176500077,-0.24159325114563895,52.093918,-82.8651,-15.524736,21.141954,0.24710547000490424,0.03951058551704923,71.5403,-33.74407,17.000326,15.2489395,0.14346130966033455,0.006272669393164513,58.420185,-31.792294,12.256622,12.048287,0.31532069735435186,-0.16267900858733414,41.70493,-29.122347,12.54144,11.019506,0.07334453979996969,-0.22036510188821948,44.56759,-41.99256,0.9091001,12.225421,0.2941200016090195,-0.18366202293368938,47.57863,-18.758041,13.851511,10.136256,0.019709214407157116,0.016759100634055123,39.7332,-32.78676,2.864773,11.027386,0.14852462985782422,-0.2762008320017242,41.693787,-25.437943,9.172895,9.895131,0.060823678457087915,-0.09092117266593261,25.552586,-30.196442,1.4753257,8.522399,0.14837318219514462,-0.1492290537986972,37.998634,-30.131832,4.2743278,8.691177,0.14180832816471645,0.11674215520815899,21.894997,-31.3159,-5.559163,7.774376,-0.017761442272667072,-0.07974104366008641,123.046875,rock
5378.069726377948,0.0,1960.4469191862477,771.8044717191498,1.326277006494621,0.856818753569251,9776.07421875,0.0,4053.1588244364357,1962.0196609824122,-0.6717088528745805,0.566474593814092,0.6015625,0.0,0.0876351465750774,0.04792979551122182,23.99769802219495,2.8052589675321737,0.61721766,0.0,0.24041058,0.16945939,-1.0942402516845937,0.14433491826290742,13.44894,0.0,1.4534031,1.8421123,7.786885848981413,2.689638314223707,57.322702741928886,1.6634637175560485,21.91201892562442,10.962898249286985,0.875052377274482,1.3619630670843754,3673.182515116931,0.0,2097.1687125882354,749.0324444525208,-0.5324124127075183,-0.2586921272797971,0.9999987,0.00013250396,0.031490672,0.12846054,49.755787367499806,7.047292014026626,31.066572,-539.11804,-169.33885,128.17828,-0.012045552254435599,-0.8946261276850949,172.6145,0.0,95.6831,30.132612,0.6291062343943619,-0.705527357295615,55.380074,-100.808685,-19.139404,36.402454,-0.6787422208810479,-0.6827606085829038,68.57211,-66.926056,9.517991,29.391401,-0.49505920592341734,-0.9143670808480573,49.681946,-32.0113,6.1168423,13.718684,-0.4669668011243213,-0.05712499063815727,46.428802,-40.418053,11.637688,20.683413,-0.3695579346276192,-0.848926326034921,44.362236,-31.180859,3.1668615,13.6517105,-0.441297943054642,-0.021694722317575348,35.10953,-30.099579,4.392202,13.41509,-0.4974360080194362,-0.48077252410510546,41.025867,-28.211697,5.113752,12.371589,-0.6892147053202793,-0.13805218543226475,44.830185,-21.892344,7.3667574,11.554244,-0.507950816581908,0.045746921151572674,31.532568,-27.903992,-3.0816457,10.498468,-0.4796727076065883,-0.112585745796639,30.72152,-22.366953,1.259396,9.209434,-0.3414523780409433,0.09790539342292523,28.191906,-29.450031,-1.8342605,7.1704917,0.4877998474750971,0.1624760274667915,89.10290948275862,rock
6829.997795430573,422.12426551727094,2266.354698047088,748.1711135239806,4.7184864146124115,1.5165546370744127,9862.20703125,753.662109375,4933.070170399575,1444.0651753238474,-0.004219191903033881,0.41349693050563235,0.62890625,0.0,0.09392082285216719,0.06105611982460466,16.61568845157477,2.960198589163082,0.5571207,4.93666e-12,0.24598621,0.094679736,-0.7100955580935078,-0.002877926474150649,21.858585,0.0,1.3825526,1.5731411,33.56857797783146,4.311534618039038,61.57852895065023,0.8361500805512208,21.14801766194988,11.297040778820408,1.4361529542700557,1.6638242341000808,4211.895706346067,901.9482223801776,2485.079896394277,356.4186083453507,1.153286454675964,0.11667974720960868,0.9999987,2.4550103e-05,0.025788283,0.041548014,238.218603305465,11.539822016277546,4.7296443,-568.6433,-100.24844,62.865192,5.36903649020006,-1.5655753541083486,197.08194,-67.67512,87.240715,29.312231,2.1413408488003665,-0.794119733222619,73.33943,-56.77218,-1.7842498,19.39361,1.1685775370902327,0.6844693117821193,73.18179,-13.0901375,28.621994,11.934847,0.6292120302437136,-0.10753084366696766,43.371162,-30.466305,6.629028,9.992164,0.5674705473768489,-0.4559791803477227,36.105415,-39.548897,10.028449,9.686428,0.8910784043587396,-0.6418142472255222,25.392838,-33.984276,0.57562464,9.440558,0.05958903113004865,-0.3876271267823636,31.638018,-23.478405,8.239265,8.141853,0.36374196626924027,-0.4072429685158866,24.04808,-47.612957,-1.3534944,9.479777,0.6421304296805967,-0.6130647640475718,43.38443,-21.547035,7.8667507,8.305297,1.0891324858454077,0.04128974399658694,17.90447,-41.372147,-2.4417257,8.154457,1.0107027180098953,-0.746632642016471,25.607584,-19.281322,4.179346,7.8002696,-0.36441966259569947,-0.23444505911425056,21.668602,-29.818699,-1.3579067,7.3107457,0.4611907221827569,-0.3077875613017789,107.666015625,rock
5306.001846372725,397.96337536533065,2306.9100077856997,785.0620648187913,2.1097654673602877,0.8396852672845709,9539.208984375,258.3984375,5330.625203922564,1831.4628354054344,0.29380890646281665,-0.22236264176398537,0.33984375,0.0,0.07063348922080433,0.04157301405456876,5.6520483837120725,1.6929431503488472,0.6192993,6.5256325e-12,0.3246317,0.11335156,-0.2244711392977834,0.448129981218295,23.779737,0.0,1.5807837,1.9988794,20.2840197113257,3.682377955900315,63.626915988966935,3.1864740199450736,22.062290121016336,10.9440222717826,0.9770057964289651,1.4572178074593463,3949.8404695004456,1047.0013627588532,2750.4854588862836,438.8320750006427,1.2434297658058577,-0.2495412030752952,0.9999987,4.4764067e-05,0.017273435,0.032757208,624.9983429832484,21.341378726402752,22.459738,-539.15533,-108.501205,76.49637,1.1382921683497997,-0.9968573855853203,186.36523,-24.45532,80.00133,26.27649,1.7245102038763065,-0.2049932198575841,133.79567,-48.712784,21.870882,26.405537,1.8243755262552597,1.2329187045369148,75.56281,-14.266711,36.466457,14.67411,0.5442133214217129,-0.5934198223713969,55.18916,-24.466125,18.075027,10.718662,0.4997565045497745,0.43195159357737,48.674603,-40.15556,13.033173,11.855369,1.2248176253494796,-0.44658143699430763,69.54697,-15.960234,13.139349,11.247665,2.599702613954191,1.180472577142744,34.84716,-29.333214,9.337949,7.808072,0.8803045475623508,-0.30197464569363686,38.65497,-16.594982,5.773412,7.9914474,0.22338046536042988,0.17970246819331295,36.13735,-23.061872,11.24228,7.5823903,0.5872519816506645,-0.15517459364319602,26.670929,-22.792782,2.4659078,7.415661,0.38331372922889484,-0.15721123151545902,41.68187,-14.994923,7.687584,8.559309,0.6182326026949068,0.42785486171128567,25.13343,-39.697807,-2.8789184,7.741323,0.9749582678478759,-0.3722979298686203,129.19921875,rock
4541.146386058825,1606.2447186517588,2990.3262984871444,496.1672501587188,-0.0702669222940604,0.0976323426242871,8699.4140625,3402.24609375,6151.729468000193,941.7266530696652,-0.7181777892971657,-0.17204413930080473,0.3515625,0.0,0.15349189120549536,0.04893347644525632,0.1946883849305725,0.34950426129373663,0.5753955,2.883262e-12,0.37853682,0.06531659,1.6734838783150146,-0.2832863517266532,21.42421,0.0,1.0689372,0.87849706,252.84356314290378,12.77867952274434,58.68884264045367,2.9649338571413644,20.307308369060358,12.251615856601378,1.7050654008391808,1.7901986988126448,3459.9995913205685,1714.2597834604014,2692.1400899559653,269.7437566881293,0.38990521700382663,-0.6418812276557551,0.9999987,0.0019603476,0.05560442,0.04248986,187.52609728719528,8.994899215671692,49.130985,-550.0966,-9.877017,29.738998,167.38416700682367,-9.632304516309384,121.857704,0.0,62.195724,17.302803,0.2297588296662072,0.2225800017949534,42.359947,-55.80188,-1.9334736,14.563837,1.3768029958518389,-0.7315329780643856,81.61661,0.0,35.857224,12.546935,-0.013193250625564978,-0.040461054152780965,27.002888,-43.24437,-1.2601439,11.540107,0.3736904552489264,-0.27432350493274277,39.598274,-12.330072,15.9719715,8.625381,-0.24748158431556044,-0.17998876289413795,30.75698,-30.106031,3.9083407,8.801029,-0.08846753870261503,0.050709468262408526,28.744633,-15.768134,9.623219,6.828509,-0.2177987603388689,0.08725967253347837,18.238441,-19.658707,-0.5143477,6.3947926,-0.0789147532893697,0.14079964755635482,27.026312,-30.403454,6.9491177,8.252586,1.3262082671503732,-0.7854676251405344,25.771751,-19.604992,1.4329906,6.8977833,0.11524725506462996,0.14582233670436834,30.072163,-9.875559,9.08372,6.656206,-0.2770649707274071,0.10219693707846357,18.292793,-21.014256,-1.445201,6.775786,-0.21480953888121768,-0.03551740687827736,129.19921875,rock
5111.249986232112,496.61853318156943,2202.7400775622486,679.6518315554417,0.8476609429961339,0.39253531242785,8871.6796875,172.265625,4858.73728654702,1483.3815792783232,-0.155003190556954,-0.4037632444460945,0.4599609375,0.0078125,0.0976532265866873,0.04669934430506776,8.9418301439797,2.005925634020383,0.39623073,5.788699e-09,0.19938551,0.061552577,0.17203838695334994,0.08381714114113582,22.983025,0.0,1.6408238,2.0319936,22.100136026534024,3.637746549883796,64.13612847383718,2.8562013457686675,23.375177946068533,11.019579969600256,1.2977971121111134,1.5034104584792902,3495.030445947866,1001.7156144420727,2415.2475994974516,398.69559860858175,0.4601880580319633,-0.48892717388789453,0.9999987,6.0635524e-05,0.021402137,0.03812117,337.19609178383666,14.205475048325493,4.1613607,-584.3999,-126.23711,55.305416,6.850924677321851,-1.5837855831939633,207.3978,-15.99655,91.69038,29.758482,1.1403007978948079,0.3783450486136083,51.6291,-45.65148,2.3261373,15.061969,0.13512149964252362,0.1261801755998383,83.11832,-7.93759,32.720882,14.810049,0.023747978202335318,0.32502881687565954,45.095963,-46.839165,5.621002,14.803312,-0.3073703894800821,-0.0896475066327147,52.73188,-22.016953,14.581541,10.516209,0.016271849730585153,0.03658157415303674,22.710098,-49.90742,-9.170503,11.338067,0.447765264769874,-0.1850733787543884,44.756218,-26.803192,6.3890557,11.154069,0.15791434555841066,0.08760193557562783,31.109186,-47.147835,-5.4475455,10.6198435,0.5617138179864307,-0.2467358722135613,29.59285,-33.283787,0.46198648,10.398507,-0.023246776843238948,0.10395269742708639,35.90027,-29.171356,-3.318787,8.847447,0.6104875826454004,0.41791092541952085,26.343943,-33.202675,0.15927023,8.2786,0.28478062319438013,0.020572616201376927,36.858982,-26.764702,-1.1381238,9.238888,0.6565764971622094,0.31306596148065763,135.99917763157896,rock
5402.22135419956,967.541387134341,2764.1905299353843,691.1483463686936,1.8336267155912607,1.065091713259939,9345.41015625,1851.85546875,5951.164014125387,1182.7223185754092,0.568560126162724,0.12465126131455606,0.4794921875,0.0,0.12690021526702785,0.06991603002182399,4.764221407228453,1.7874056539758614,0.614006,2.3078837e-12,0.33068937,0.09473336,0.5174890000922154,0.7356174314082812,27.134396,0.0,1.2865065,1.2818104,138.04472913304983,8.342389731502127,60.01009393740323,1.9670712603886358,20.510089953561504,11.738121633213948,1.3622868338053493,1.641453807171248,3782.8852151153587,1757.4648311015333,2708.0985279329816,304.0384911213433,1.2447915885895764,-0.03555482320593334,0.9999987,0.0006627031,0.04702731,0.049001537,111.35880502731412,6.815231801264085,30.373882,-536.4802,-42.113274,41.23637,32.453430672707825,-3.5031610960255506,134.42245,-26.22557,70.09126,23.963476,1.4869054604803402,-0.6457255263676215,43.659706,-54.605522,-3.2399275,13.378632,0.9564008409776887,0.172065811103669,76.5026,-28.804634,27.609224,11.940387,2.3275549751280495,-0.29675707825871944,39.34513,-36.89648,9.980044,10.243205,1.4162988726426704,-0.5565227193901493,45.896393,-22.123795,14.764292,9.359322,0.8789804693943108,-0.29731654137534264,38.306667,-29.91476,1.7596271,7.996147,0.6859796063517671,-0.14238090085647367,34.318703,-21.744278,10.44415,8.251996,0.6199958671964128,-0.3565609008922707,24.164743,-34.32,1.9123981,7.841205,0.7025850727850393,-0.4639798438988917,27.658443,-30.04705,7.4746056,7.306481,0.3425819903772851,-0.1961337432240093,22.105644,-25.495094,-0.085548095,6.7563796,0.11474610874059676,-0.11115464200660401,28.345758,-18.705647,6.873056,6.6285205,0.39182833784431814,-0.1271433405504471,23.911808,-19.736378,0.4847417,6.629181,-0.012123953791912445,0.034834557360616844,129.19921875,rock
6736.518665867933,632.0775664109019,2738.2580545031215,765.1984875492475,2.6164962105737404,0.513670504842186,9410.009765625,968.994140625,5783.5483610076435,1365.5716929377675,0.9526177538832337,-0.6737607425899276,0.6416015625,0.0,0.1170824363873839,0.07305656689094844,9.024518632695335,2.0890738075794295,0.5749551,5.963425e-12,0.2420549,0.11259469,0.16521094380734302,0.6911822529798981,25.203426,0.0,1.2617443,1.7288189,46.30460723005995,5.602759520397549,65.15020175724914,1.1086577801124662,21.77185332262893,11.117585781099864,1.1709723487872683,1.4912344838228273,3475.0484026638246,1274.8963447450499,2679.9553555955285,296.757416604181,2.04312324687423,-0.8723569641926455,0.9999987,0.00017393696,0.039775066,0.04818813,122.92916168091959,7.263100307485294,32.500317,-552.71844,-98.76225,68.033394,3.1469110520235217,-1.3656950605258784,176.76779,-62.715332,67.78262,28.858845,2.1657737346430386,0.3628989423176636,59.76332,-53.570637,0.69838506,17.483374,0.2588537170738281,0.35328478757845766,68.77675,-37.34718,29.825706,15.69134,1.8854706796097176,-1.0766750131562055,39.795837,-43.52765,5.0228853,11.177293,2.224712068368043,-0.7787349000099067,44.322212,-35.44468,10.111989,10.922972,1.3156320162110742,-0.28100400163867206,46.10846,-32.847595,2.47372,9.909561,1.710283388712278,-0.1106734566866717,32.23825,-29.520605,8.02538,9.2995,1.5363184717062035,-0.9513617169744527,26.991032,-49.354717,1.0109191,11.1273575,1.6704343728304263,-1.0332708035486162,37.31181,-24.606943,7.227449,8.371539,0.5776083375588672,-0.09885068420155299,21.503592,-43.179893,-1.576499,8.89511,1.8013120966807206,-0.8392928372038515,38.490917,-21.365211,7.535959,8.097481,0.8606897250144634,-0.028839708945711473,23.91105,-51.448868,-1.350203,9.091011,1.3725240473377216,-0.6673176454214592,99.38401442307692,rock
4443.0613640717365,993.3366120853443,2165.6755123961725,641.7332759267537,1.3727118122072417,1.0393097087664982,8828.61328125,1959.521484375,4731.321390346846,1293.7567006349125,0.5672867874216307,0.5928759709300485,0.2822265625,0.0,0.09006899429179567,0.04678966258650586,1.3112582568450497,1.0459939117163186,0.5327465,5.870529e-12,0.26198977,0.07853692,0.5970623797678072,0.8736285576353813,29.773775,0.0,1.2247903,1.3032671,186.4325970872369,9.996874446934147,59.81884714788846,3.179635322724856,21.894846717125894,11.483050014903885,1.2419885885758166,1.580646411864683,3832.863061711418,1565.1312197976863,2438.360021230645,361.09698899235747,0.8463731227339033,0.5811794596732668,0.9999987,0.00054651644,0.02092646,0.035362907,454.19948716981196,17.15179402363093,7.6939225,-565.0594,-89.06296,51.896435,9.442644492465606,-1.2740911752584505,159.16862,0.0,91.9887,23.300632,0.37364538492636523,-0.17346461897228174,62.035496,-40.153515,0.043356124,16.792566,0.20207209138666826,0.5107131906525534,71.85727,-10.96516,32.18476,13.291565,-0.05905636271503045,0.11600768861343659,42.494865,-30.245457,7.1900463,9.954881,0.2172156117936419,-0.005707200157626388,45.09906,-8.219791,18.577375,9.246669,-0.41465384780988623,-0.04750530073603971,28.669147,-29.470512,1.344829,8.302349,-0.015567875802106279,0.07291337004149691,36.090485,-14.790821,11.279987,7.6421237,0.20421424301693625,-0.06928183476443016,31.501087,-16.689137,7.0514526,7.2747397,-0.06728574281238275,-0.019972330068545326,36.20762,-13.228823,10.009858,7.686212,0.15525578089402758,0.2411606253020261,25.29458,-24.928896,2.3479314,6.6451383,0.31891043439348676,0.14189221460960877,26.372093,-15.318537,6.2301044,6.60309,-0.04510882816557604,0.1216068894398654,18.412088,-29.857746,-1.1853718,6.7280912,0.21060884333772067,-0.21758568978915627,117.45383522727273,rock
4607.779545964731,298.8714693961259,1581.1796607753645,796.5432634547274,-0.10316558674203735,0.8472215096670033,9151.611328125,667.529296875,3425.3959537659634,2128.6163966059125,-0.6197804711759476,0.7308504653360496,0.23046875,0.0,0.05024610584365325,0.039029058305731334,1.2048499542136364,1.2778754560390535,0.60165805,4.7361867e-12,0.338844,0.08124198,0.40312538731708614,0.39708660826898085,23.617,0.0,1.3537096,1.4765822,47.65032077254415,4.861240133447392,55.074143302015685,1.3854829736872318,21.36772610015733,10.67773366346781,1.1449089015853362,1.5168956907201467,3842.406327054743,568.6544044646342,2170.2567424494723,609.8237865653914,-0.188687810302675,0.4091769038270881,0.9999987,3.564808e-06,0.011120792,0.032101285,694.5942433930201,22.921682116040433,19.284336,-544.3793,-123.23541,62.524563,2.3423850411490825,-0.2165035475554993,219.20784,0.0,123.0544,37.173588,-0.6846382287334798,-0.13824980272931645,98.12755,-38.73468,11.580409,21.39303,1.0537967836630386,0.6987177696504607,74.47084,-12.725161,22.731361,13.453629,0.09007936307001563,0.33031575515220446,45.452675,-18.482933,10.0724,10.7484455,-0.38979152586763544,0.28482803001488416,38.29088,-20.21418,11.086674,9.180559,-0.07041850104936742,-0.2694579726009701,36.150074,-22.60038,5.7193804,8.463971,-0.023500927904605007,0.005504762941797799,34.298355,-16.932297,10.649148,7.8743434,0.13647810879267874,-0.0954363009040227,34.678314,-20.036469,6.4922132,8.210584,0.2578052633998591,0.004757404875992353,45.826515,-11.813377,14.900085,9.661956,0.051324955117975524,0.36798241672379023,30.502392,-22.075092,5.5672035,7.92766,-0.006834191708419812,-0.0007772197345203925,34.916885,-13.989347,9.077234,7.90066,-0.012647638183544085,0.29965169475735987,25.417885,-21.620934,-0.32914364,6.8065515,0.24871814715743668,0.14362365348883066,143.5546875,rock
5649.431577308885,833.632638154393,2465.846838996511,644.1668850598577,4.400597710233215,1.414039153473106,8936.279296875,1614.990234375,5246.268276533475,1195.3275875028423,1.0102754951332038,0.4897631414219176,0.455078125,0.013671875,0.11579219475619196,0.05249279155025893,7.76295698697127,2.032474127089458,0.49102697,0.019234614,0.27475354,0.07093339,1.059497959723064,0.39596722053773803,11.550503,0.0,1.2072244,1.0052967,22.96085118814818,3.9542986244418827,60.71228198387347,4.5734926918028815,21.45110757149014,12.107281905175768,1.5912890217047044,1.7316488947917843,3608.1632656261613,1479.8771129633699,2494.4390318148176,326.5184706974545,1.1384201942551488,0.26343250137814084,0.23048224,0.00049962563,0.03177985,0.030834328,8.369223050858372,2.5131812108029132,35.452812,-529.9683,-63.54668,42.957966,11.986914842334699,-1.97077004801538,152.15659,-15.102058,83.0157,22.762447,1.6520316452384103,-0.5174013073449176,68.12665,-103.605835,-6.5689316,19.208706,4.9612393037775915,-0.8731754187009324,63.00667,-15.42871,33.51176,11.325475,2.155386829819787,-0.9683350570734229,36.931553,-50.36116,0.61747366,11.613573,1.4565477681226922,-0.38219851779109315,45.431286,-25.293995,12.173685,9.616461,0.6002840239714988,0.0636220871282454,27.66986,-40.73162,-2.1200266,9.022847,0.24881090798822258,-0.17297586134885334,35.817165,-27.299906,10.712035,8.41371,1.5192976623996586,-0.5541055286298354,31.63288,-43.58921,-0.19504584,9.046785,2.9142587838931053,-0.6890120401898647,26.605091,-28.15933,4.846509,8.262025,1.109048674275849,-0.5796767168823981,29.647076,-34.88314,-5.7461896,8.329935,0.772837974524649,0.07986686826876306,32.039,-19.129929,6.607982,7.192612,0.24634430999428547,-0.1657531024547341,21.52012,-24.110693,0.2532027,7.539551,-0.042140374527603885,-0.00705261070122077,112.34714673913044,rock
5691.157236650128,984.522549529172,2634.5981122693865,679.4921046191602,2.335466716088538,1.044194728501771,9431.54296875,2196.38671875,5789.864989478521,1479.6507857858683,-0.6262005547321245,-0.08590592444742363,0.5029296875,0.0107421875,0.1155011912248452,0.05583827632115126,7.199514690393375,1.7285567398627169,0.49925753,0.015836153,0.27135336,0.07549986,0.2761769586300984,-0.2870981808999389,11.126876,0.0,1.2678827,1.1484929,12.32005469135025,2.991309493003763,62.90274556343573,4.777232109907509,22.987372929984684,10.971591892937598,1.3507191967946914,1.547766951592373,3734.6655859071925,1644.0825203954055,2715.5376077319356,347.30768695196457,-0.06914643834493006,-0.026679099376327446,0.2747828,0.0003468151,0.028830266,0.031622067,9.695547565341617,2.6623203218995255,13.545573,-551.4845,-83.0245,41.841507,11.429263554912039,-1.3518111493904588,139.28362,-10.558239,71.31013,22.360258,0.3543040420901211,-0.24516514025225958,79.011894,-49.939148,-3.9275522,16.427525,0.8501351927282728,0.47816704368155966,64.56569,-16.72785,23.84005,13.637025,-0.23343931525271788,0.14772383885429904,62.252388,-12.623667,21.325605,11.549044,0.11493429885888418,0.039844851563664435,37.537487,-27.800835,11.193224,9.520581,0.693566981470191,-0.440702618500517,24.939478,-29.644888,1.0746682,8.463167,-0.14243318984385578,-0.0882645729262876,42.73368,-17.240917,11.4405775,8.044222,0.47731055187973004,-0.10489156441673024,27.336666,-31.052069,0.08460462,10.0383,-0.4310967559236438,-0.17195279019722384,51.313755,-17.436779,12.508339,10.44344,0.2312277417657338,0.3276777256937988,31.080172,-27.163946,-2.3823922,8.689506,0.21305570125507334,0.16022019169238763,26.577974,-33.160866,3.15108,8.758198,0.531358517878938,-0.5759885876246426,29.234344,-25.899334,2.6951153,8.393448,0.29897666611479723,0.06564388361157839,107.666015625,rock
5724.581765724293,302.507003900693,2215.4122207570936,1144.8859032660848,-0.46406426804831913,0.5355647026750885,9625.341796875,366.064453125,4675.305062403251,2298.5481519774526,-1.034796104084788,-0.188302923257704,0.4501953125,0.0048828125,0.09164041336106811,0.08335413270516363,3.5451898859043185,1.8325016290167664,0.47228196,4.5067043e-09,0.19885828,0.09732233,0.16950147411571503,0.6595576757804235,18.747568,0.0,1.6228107,1.9656677,15.533996566378342,3.3201845288935417,60.47778215298337,2.7309586902055196,22.616275245522008,11.451209293642851,0.9496560976329684,1.4401386995586896,3952.2760682689577,790.7221810580626,2395.1342483833937,603.6585277483258,-0.5347316674812688,-0.3126451965988307,0.9999987,1.0565526e-05,0.025046246,0.050698172,108.50859882182866,7.186497966715124,-5.973226,-573.99176,-175.95251,79.643166,1.919344873467014,-0.9814154648258971,220.42012,-27.164833,85.70076,47.92499,-0.5832127939037566,0.18876651176999404,125.13687,-51.017204,12.594766,27.794062,0.705961832073922,0.5666111977777105,88.99191,-23.549364,37.85158,15.333858,0.49214427239091885,-0.11213600433983485,77.58551,-41.045753,11.249714,12.07242,2.279307163715578,0.18673747596977205,52.65271,-26.568634,19.866892,12.287755,0.32498876018249767,-0.5106195820578325,46.05685,-33.91939,5.29619,10.899116,0.6791797093158407,0.045938660138291475,36.71263,-28.247377,9.917081,11.545915,0.34226362797472953,-0.6180110831186235,32.518875,-36.167965,3.9795828,9.620884,0.15564004368703133,-0.2931415802599546,35.801563,-33.191628,4.453917,9.453682,0.6631167603419894,-0.3541106860588157,23.52206,-34.609524,-1.6838622,7.9696803,0.3159382205287695,-0.2798936625007563,32.595512,-16.171604,6.2797956,7.5127516,0.015512096286746768,0.09223468050409121,29.162594,-29.818,-0.7738455,8.15994,1.0388914512680634,0.22950297937130218,129.19921875,rock
4850.656783734823,764.6690382752347,2523.3415483058907,630.5767373283304,0.5062879633391959,0.0880009165037561,9259.27734375,1421.19140625,5473.783567446304,1381.1290351628786,0.10506842695524776,-0.4600545107734927,0.3173828125,0.0,0.11379447440982972,0.04470993457295522,1.0464027600625396,0.643870578071514,0.51468223,2.9576654e-12,0.30229852,0.07551119,0.38780330353477765,0.5689174587985969,20.420652,0.0,1.2295908,1.1312646,100.07343757336412,7.522585473979654,58.923024807766275,2.9649949197201693,20.594937523626125,11.659784357606314,1.525198285913108,1.70263393377943,3755.8733508961873,1372.5891201673548,2613.185896485435,367.7202434499277,1.0147707439339149,-0.5813779171347796,0.9999987,0.00036234834,0.03907005,0.03965652,265.58178197156343,11.528293369569816,27.125317,-555.10736,-47.73011,41.445293,34.66328147600413,-3.7096348388429212,177.11803,0.0,84.91369,24.770544,1.2780613040495883,0.8726064040583694,61.741974,-39.75048,-0.1696154,13.237499,2.169008814005463,0.5271104994683129,57.9864,-14.289381,25.62351,11.1307,-0.1465079153841642,0.013392852735590438,36.08239,-33.211227,3.9926598,9.449922,0.23769699272331524,-0.1978811807836203,41.231087,-30.93977,9.892261,8.696093,0.6619580657119757,-0.19253743182393365,26.439337,-33.877583,-2.1829288,8.877452,0.022943565638473107,-0.044850916918247205,36.944263,-12.3825035,6.798908,7.2576766,0.05955733273978181,0.214330715696436,34.615738,-21.88946,-0.7748202,7.227228,0.45354947304821236,0.20509204931335417,31.937855,-19.206656,7.143401,8.07924,-0.014787882017830434,0.04183133532616549,24.973812,-30.57548,-0.36446738,7.9323425,-0.04597140458675186,-0.07566951355913887,23.900885,-20.110374,3.3269618,6.9345536,0.4002517640237264,-0.27528157416198146,31.196527,-20.256073,0.69288373,7.4941807,0.04743339372117328,0.3467313606446645,117.45383522727273,rock
4667.907378001565,917.3449590151534,2127.9272997663643,680.8037951813716,0.9000731160399718,1.0999959992229302,9560.7421875,1765.72265625,4581.772294649768,1748.9510114845339,-0.9081419493329093,0.5848139866971456,0.365234375,0.0,0.09163436653444272,0.04755238310248863,7.6136011710611715,2.3617426673094273,0.43930992,1.9555295e-12,0.24925111,0.05536385,1.2659360409907396,0.4890414202280514,21.208841,0.0,1.281634,1.1769109,75.90309776012458,6.162815310768087,64.04849742862493,3.122532803021116,22.2646795363397,10.895816917783842,1.621531325009049,1.6478213796567434,3788.179768130236,1261.7186863721533,2453.3131495506627,466.9299582574793,-0.7174999145641205,0.12686479026741182,0.9999987,0.00041445097,0.023199232,0.041410957,239.94615879615625,11.238447370004625,-3.658182,-574.07764,-91.644264,33.827522,62.63670469397684,-4.476425176671038,173.99905,0.0,104.91128,27.112589,0.2640261898546097,-0.39974432792972736,47.269764,-53.482864,-2.7776227,16.433098,-0.10114030624806247,-0.020362943539236684,61.93266,-24.132668,18.06261,12.171573,0.09273651816151318,0.023991691196636942,40.79317,-22.664433,11.107815,10.580334,-0.025608772255934387,-0.14923245764225718,26.53568,-28.94342,-0.84871787,8.604041,0.04839373578450212,0.03869141896577632,22.547024,-40.786804,-1.8602667,9.65645,0.01373906089203869,-0.22883235426988546,50.04663,-14.84565,12.230496,8.90107,0.3696518637398305,0.26051219895699934,25.77084,-30.447353,-3.4163406,8.077529,-0.09073461763613011,-0.14394867051735663,38.999565,-14.819336,7.4116225,7.645096,0.5518881563374549,0.3576472161182649,22.956585,-24.920784,-1.1338854,7.46405,0.2389619559343581,0.12450692344551026,27.48664,-17.92872,6.7298737,7.1357193,0.03617967212896689,-0.15727383407542267,32.890038,-20.016148,3.2809916,7.9397936,0.2937236671241976,0.24781294135129645,123.046875,rock
5779.881625477925,722.6281398914336,2607.429850428865,721.4397853366461,0.7828783140259312,0.2544926868881497,9237.744140625,1033.59375,5557.615638571563,1475.7943086448752,-0.08351064875396652,-0.42089801895581536,0.5400390625,0.0,0.12563727341389727,0.06335480196543147,3.2317770596272597,1.0221245156510184,0.67593,6.5153096e-12,0.3224571,0.08756528,3.4862226698198073,-0.14274862357268073,27.020136,0.0,1.2556698,1.309317,125.30337457299694,8.123925118962942,62.507169237858655,2.3340882124694673,20.478307827227475,11.486681437605613,1.5384147298549973,1.67908436758381,3643.9439666017524,1407.5340682080493,2596.594927684933,362.74628130543033,0.577288270784686,-0.5321076433939168,0.9999987,0.00021631825,0.04656407,0.051349413,91.82395552697898,6.106441689540741,44.80332,-530.0864,-45.042793,59.65994,10.561030098972907,-2.457751881882057,191.83923,-10.563568,78.9548,26.448195,1.373093373631625,0.7038485870956316,54.98774,-64.91592,-8.810865,16.276258,1.3693158614618701,0.010959980008885803,60.354538,-49.029274,21.607786,13.807634,2.0385196958109635,-0.7713068776065891,41.199104,-47.56906,5.9437833,11.816223,1.5669481268493035,-0.6607167331068969,48.339478,-38.083138,12.938863,10.090895,1.8460597983778655,-0.6464093173384424,36.2463,-32.53099,2.951396,10.151216,0.1456744203038749,0.04952427247755221,42.84322,-22.56967,10.941102,8.646376,0.709684337650812,-0.023006244429369212,25.40464,-40.933083,0.9132019,8.708947,0.6508670598389772,-0.20120704723072771,31.308271,-23.614235,7.1782823,8.374432,0.43799954563309296,-0.28994013617369424,23.232548,-43.637768,1.1020092,8.5810585,1.4353271943283588,-0.6711962466828834,31.736837,-35.974335,6.325008,8.348571,2.3487449976797263,-0.6895829248198803,25.9009,-24.960793,2.580146,7.751612,0.21779390984209446,-0.19666116450196833,129.19921875,rock
